{"stats":{"minecraft:broken":{"minecraft:iron_shovel":1,"minecraft:iron_axe":2,"minecraft:wooden_axe":1},"minecraft:mined":{"minecraft:dark_oak_planks":10,"minecraft:white_bed":1,"minecraft:dark_oak_leaves":6,"minecraft:dark_oak_log":176,"minecraft:end_stone":2,"minecraft:granite":2,"minecraft:grass_block":157,"minecraft:pumpkin":3,"minecraft:peony":15,"minecraft:dark_oak_stairs":53,"minecraft:iron_bars":1,"minecraft:stone":49,"minecraft:short_grass":12,"minecraft:mushroom_stem":11,"minecraft:cobblestone":14,"minecraft:sugar_cane":58,"minecraft:wall_torch":1,"minecraft:birch_planks":2,"minecraft:birch_log":142,"minecraft:wheat":12,"minecraft:lilac":21,"minecraft:birch_leaves":33,"minecraft:coal_ore":12,"minecraft:sand":2,"minecraft:dirt":313,"minecraft:red_mushroom_block":90,"minecraft:oak_leaves":1},"minecraft:killed_by":{"minecraft:player":1,"minecraft:enderman":1,"minecraft:skeleton":2},"minecraft:used":{"minecraft:iron_shovel":462,"minecraft:chest":1,"minecraft:shield":35,"minecraft:iron_sword":80,"minecraft:cooked_chicken":2,"minecraft:dirt":91,"minecraft:mutton":9,"minecraft:dark_oak_planks":30,"minecraft:wooden_axe":27,"minecraft:iron_axe":560,"minecraft:bow":31,"minecraft:egg":6,"minecraft:cooked_beef":9,"minecraft:potato":4,"minecraft:wheat_seeds":12,"minecraft:cooked_mutton":7,"minecraft:dark_oak_stairs":291,"minecraft:birch_planks":154,"minecraft:birch_leaves":52,"minecraft:ender_pearl":1,"minecraft:crafting_table":3,"minecraft:white_bed":4,"minecraft:birch_fence":15,"minecraft:apple":4,"minecraft:birch_fence_gate":1,"minecraft:bread":4,"minecraft:iron_pickaxe":84,"minecraft:map":1,"minecraft:stone_axe":36,"minecraft:cobblestone":44,"minecraft:andesite":9},"minecraft:custom":{"minecraft:mob_kills":77,"minecraft:animals_bred":4,"minecraft:interact_with_crafting_table":25,"minecraft:leave_game":1,"minecraft:time_since_death":34394,"minecraft:sprint_one_cm":433726,"minecraft:walk_one_cm":646469,"minecraft:damage_blocked_by_shield":1340,"minecraft:drop":33,"minecraft:talked_to_villager":1,"minecraft:play_time":154934,"minecraft:deaths":6,"minecraft:sneak_time":8539,"minecraft:walk_under_water_one_cm":8649,"minecraft:jump":2038,"minecraft:walk_on_water_one_cm":17610,"minecraft:total_world_time":154934,"minecraft:interact_with_furnace":54,"minecraft:sleep_in_bed":3,"minecraft:time_since_rest":10094,"minecraft:damage_taken":3226,"minecraft:damage_dealt":10876,"minecraft:fly_one_cm":325154,"minecraft:player_kills":1,"minecraft:open_chest":52,"minecraft:crouch_one_cm":35834,"minecraft:fall_one_cm":41259},"minecraft:crafted":{"minecraft:cooked_chicken":9,"minecraft:cooked_mutton":9,"minecraft:iron_axe":3,"minecraft:birch_fence_gate":1,"minecraft:chest":1,"minecraft:filled_map":4,"minecraft:dark_oak_planks":420,"minecraft:cooked_beef":13,"minecraft:cooked_porkchop":18,"minecraft:dark_oak_stairs":244,"minecraft:map":1,"minecraft:crafting_table":2,"minecraft:iron_sword":1,"minecraft:birch_planks":216,"minecraft:stone_axe":1,"minecraft:air":0,"minecraft:paper":63,"minecraft:shield":1,"minecraft:birch_fence":15,"minecraft:stick":36,"minecraft:iron_pickaxe":1,"minecraft:iron_ingot":5,"minecraft:compass":1,"minecraft:iron_shovel":2,"minecraft:white_bed":3},"minecraft:dropped":{"minecraft:bread":1,"minecraft:cooked_beef":1,"minecraft:bookshelf":6,"minecraft:dark_oak_sapling":2,"minecraft:cobblestone":77,"minecraft:feather":2,"minecraft:spectral_arrow":16,"minecraft:stick":5,"minecraft:dirt":3,"minecraft:dark_oak_log":64,"minecraft:brown_wool":1,"minecraft:wooden_sword":1,"minecraft:iron_pickaxe":1,"minecraft:birch_log":64,"minecraft:cooked_chicken":7,"minecraft:birch_sapling":6,"minecraft:rotten_flesh":3,"minecraft:iron_boots":1,"minecraft:iron_chestplate":1,"minecraft:arrow":5,"minecraft:bow":1,"minecraft:wooden_pickaxe":1,"minecraft:black_wool":1},"minecraft:picked_up":{"minecraft:wooden_axe":1,"minecraft:iron_chestplate":2,"minecraft:wheat":10,"minecraft:chicken":9,"minecraft:wooden_pickaxe":2,"minecraft:shield":3,"minecraft:string":1,"minecraft:iron_axe":3,"minecraft:cooked_salmon":14,"minecraft:wooden_sword":1,"minecraft:iron_leggings":1,"minecraft:beef":19,"minecraft:iron_pickaxe":8,"minecraft:sugar_cane":183,"minecraft:birch_sapling":19,"minecraft:iron_boots":2,"minecraft:egg":8,"minecraft:dark_oak_sapling":2,"minecraft:stick":11,"minecraft:torch":35,"minecraft:porkchop":18,"minecraft:redstone":129,"minecraft:dark_oak_planks":60,"minecraft:arrow":27,"minecraft:rotten_flesh":18,"minecraft:peony":42,"minecraft:bookshelf":6,"minecraft:mutton":16,"minecraft:iron_bars":14,"minecraft:white_wool":36,"minecraft:cobblestone":326,"minecraft:birch_log":363,"minecraft:birch_leaves":168,"minecraft:cooked_beef":17,"minecraft:feather":2,"minecraft:lilac":60,"minecraft:andesite":34,"minecraft:brown_wool":1,"minecraft:leather":48,"minecraft:red_mushroom":96,"minecraft:filled_map":3,"minecraft:birch_planks":130,"minecraft:gunpowder":3,"minecraft:wooden_hoe":4,"minecraft:dirt":632,"minecraft:paper":69,"minecraft:cooked_mutton":2,"minecraft:bone":14,"minecraft:bow":4,"minecraft:wheat_seeds":72,"minecraft:iron_ingot":60,"minecraft:cooked_chicken":14,"minecraft:iron_sword":3,"minecraft:dark_oak_stairs":96,"minecraft:pumpkin":6,"minecraft:cooked_porkchop":36,"minecraft:white_bed":1,"minecraft:spectral_arrow":17,"minecraft:dark_oak_log":529,"minecraft:iron_helmet":2,"minecraft:golden_apple":1,"minecraft:bread":3,"minecraft:warped_roots":1,"minecraft:netherrack":2,"minecraft:black_wool":4,"minecraft:coal":48,"minecraft:ender_pearl":6},"minecraft:killed":{"minecraft:spider":1,"minecraft:skeleton":8,"minecraft:chicken":9,"minecraft:pig":8,"minecraft:creeper":1,"minecraft:sheep":11,"minecraft:trader_llama":1,"minecraft:pillager":1,"minecraft:zombie":15,"minecraft:enderman":11,"minecraft:cow":11}},"DataVersion":3953}