{"stats":{"minecraft:broken":{"minecraft:iron_shovel":2,"minecraft:iron_axe":3,"minecraft:wooden_axe":1},"minecraft:mined":{"minecraft:dark_oak_planks":32,"minecraft:white_bed":1,"minecraft:dark_oak_leaves":9,"minecraft:dark_oak_log":381,"minecraft:end_stone":2,"minecraft:granite":2,"minecraft:grass_block":175,"minecraft:spruce_leaves":1,"minecraft:pumpkin":3,"minecraft:peony":15,"minecraft:dark_oak_stairs":71,"minecraft:iron_bars":1,"minecraft:stone":49,"minecraft:short_grass":12,"minecraft:mushroom_stem":11,"minecraft:cobblestone":14,"minecraft:sugar_cane":95,"minecraft:wall_torch":1,"minecraft:birch_planks":2,"minecraft:birch_log":151,"minecraft:wheat":32,"minecraft:lilac":21,"minecraft:spruce_log":6,"minecraft:birch_leaves":38,"minecraft:coal_ore":12,"minecraft:sand":2,"minecraft:dirt":358,"minecraft:red_mushroom_block":90,"minecraft:oak_leaves":2},"minecraft:killed_by":{"minecraft:player":1,"minecraft:enderman":1,"minecraft:skeleton":2},"minecraft:used":{"minecraft:iron_shovel":500,"minecraft:chest":2,"minecraft:shield":35,"minecraft:iron_sword":92,"minecraft:cooked_chicken":2,"minecraft:dirt":117,"minecraft:mutton":9,"minecraft:dark_oak_planks":60,"minecraft:wooden_axe":27,"minecraft:iron_axe":845,"minecraft:bow":31,"minecraft:egg":10,"minecraft:cooked_beef":13,"minecraft:potato":4,"minecraft:wheat_seeds":34,"minecraft:cooked_mutton":7,"minecraft:dark_oak_stairs":318,"minecraft:birch_leaves":64,"minecraft:birch_planks":154,"minecraft:ender_pearl":1,"minecraft:crafting_table":3,"minecraft:white_bed":4,"minecraft:birch_fence":15,"minecraft:apple":5,"minecraft:birch_fence_gate":1,"minecraft:bread":9,"minecraft:iron_pickaxe":91,"minecraft:map":2,"minecraft:stone_axe":36,"minecraft:cobblestone":44,"minecraft:andesite":9},"minecraft:custom":{"minecraft:mob_kills":87,"minecraft:animals_bred":5,"minecraft:interact_with_crafting_table":33,"minecraft:open_shulker_box":1,"minecraft:leave_game":1,"minecraft:time_since_death":4388,"minecraft:sprint_one_cm":502840,"minecraft:walk_one_cm":773636,"minecraft:damage_blocked_by_shield":1340,"minecraft:drop":33,"minecraft:talked_to_villager":1,"minecraft:play_time":196660,"minecraft:deaths":7,"minecraft:sneak_time":11408,"minecraft:walk_under_water_one_cm":10522,"minecraft:jump":2451,"minecraft:walk_on_water_one_cm":20492,"minecraft:total_world_time":196660,"minecraft:interact_with_furnace":62,"minecraft:sleep_in_bed":5,"minecraft:time_since_rest":0,"minecraft:damage_taken":4166,"minecraft:damage_dealt":12676,"minecraft:swim_one_cm":12130,"minecraft:fly_one_cm":383328,"minecraft:player_kills":1,"minecraft:open_chest":77,"minecraft:crouch_one_cm":46675,"minecraft:fall_one_cm":54863},"minecraft:crafted":{"minecraft:cooked_chicken":9,"minecraft:cooked_mutton":9,"minecraft:iron_axe":4,"minecraft:birch_fence_gate":1,"minecraft:chest":2,"minecraft:filled_map":8,"minecraft:dark_oak_planks":420,"minecraft:cooked_beef":13,"minecraft:cooked_porkchop":18,"minecraft:dark_oak_stairs":252,"minecraft:map":2,"minecraft:crafting_table":2,"minecraft:iron_sword":1,"minecraft:birch_planks":248,"minecraft:stone_axe":1,"minecraft:bread":6,"minecraft:air":0,"minecraft:paper":126,"minecraft:shield":1,"minecraft:birch_fence":15,"minecraft:stick":44,"minecraft:iron_pickaxe":1,"minecraft:iron_ingot":5,"minecraft:compass":2,"minecraft:iron_shovel":2,"minecraft:white_bed":3},"minecraft:dropped":{"minecraft:bread":1,"minecraft:cooked_beef":1,"minecraft:bookshelf":6,"minecraft:dark_oak_sapling":2,"minecraft:cobblestone":77,"minecraft:feather":2,"minecraft:spectral_arrow":16,"minecraft:stick":5,"minecraft:dirt":3,"minecraft:dark_oak_log":64,"minecraft:brown_wool":1,"minecraft:wooden_sword":1,"minecraft:iron_pickaxe":1,"minecraft:birch_log":64,"minecraft:cooked_chicken":7,"minecraft:birch_sapling":6,"minecraft:rotten_flesh":3,"minecraft:iron_boots":1,"minecraft:iron_chestplate":1,"minecraft:arrow":5,"minecraft:bow":1,"minecraft:wooden_pickaxe":1,"minecraft:black_wool":1},"minecraft:picked_up":{"minecraft:wooden_axe":1,"minecraft:iron_chestplate":2,"minecraft:wheat":28,"minecraft:chicken":10,"minecraft:wooden_pickaxe":2,"minecraft:shield":3,"minecraft:string":1,"minecraft:iron_axe":3,"minecraft:cooked_salmon":14,"minecraft:wooden_sword":1,"minecraft:iron_leggings":1,"minecraft:beef":19,"minecraft:iron_pickaxe":8,"minecraft:sugar_cane":246,"minecraft:birch_sapling":21,"minecraft:iron_boots":2,"minecraft:egg":12,"minecraft:dark_oak_sapling":4,"minecraft:stick":11,"minecraft:torch":35,"minecraft:porkchop":18,"minecraft:redstone":129,"minecraft:dark_oak_planks":79,"minecraft:arrow":29,"minecraft:rotten_flesh":25,"minecraft:peony":42,"minecraft:bookshelf":6,"minecraft:mutton":16,"minecraft:iron_bars":14,"minecraft:white_wool":36,"minecraft:cobblestone":326,"minecraft:birch_log":372,"minecraft:birch_leaves":168,"minecraft:cooked_beef":17,"minecraft:feather":4,"minecraft:lilac":60,"minecraft:andesite":34,"minecraft:brown_wool":1,"minecraft:leather":48,"minecraft:red_mushroom":96,"minecraft:filled_map":3,"minecraft:birch_planks":130,"minecraft:gunpowder":3,"minecraft:wooden_hoe":4,"minecraft:dirt":719,"minecraft:paper":69,"minecraft:cooked_mutton":2,"minecraft:bone":16,"minecraft:bow":4,"minecraft:wheat_seeds":133,"minecraft:iron_ingot":60,"minecraft:cooked_chicken":14,"minecraft:iron_sword":3,"minecraft:dark_oak_stairs":113,"minecraft:cooked_porkchop":36,"minecraft:pumpkin":6,"minecraft:white_bed":1,"minecraft:spruce_log":6,"minecraft:spectral_arrow":17,"minecraft:dark_oak_log":729,"minecraft:iron_helmet":2,"minecraft:golden_apple":1,"minecraft:bread":3,"minecraft:warped_roots":1,"minecraft:coal":48,"minecraft:netherrack":2,"minecraft:black_wool":4,"minecraft:ender_pearl":6},"minecraft:killed":{"minecraft:spider":2,"minecraft:skeleton":11,"minecraft:chicken":10,"minecraft:pig":8,"minecraft:creeper":1,"minecraft:sheep":11,"minecraft:trader_llama":1,"minecraft:pillager":1,"minecraft:zombie":20,"minecraft:enderman":11,"minecraft:cow":11}},"DataVersion":3953}