{"stats":{"minecraft:broken":{"minecraft:iron_axe":1,"minecraft:wooden_axe":1},"minecraft:mined":{"minecraft:dark_oak_leaves":6,"minecraft:dark_oak_log":176,"minecraft:end_stone":2,"minecraft:short_grass":2,"minecraft:grass_block":6,"minecraft:mushroom_stem":11,"minecraft:cobblestone":14,"minecraft:sugar_cane":58,"minecraft:birch_log":67,"minecraft:wheat":12,"minecraft:birch_leaves":1,"minecraft:pumpkin":3,"minecraft:coal_ore":12,"minecraft:iron_bars":1,"minecraft:sand":2,"minecraft:dirt":2,"minecraft:red_mushroom_block":90,"minecraft:stone":49,"minecraft:oak_leaves":1},"minecraft:killed_by":{"minecraft:player":1,"minecraft:enderman":1},"minecraft:custom":{"minecraft:interact_with_furnace":34,"minecraft:mob_kills":57,"minecraft:animals_bred":3,"minecraft:interact_with_crafting_table":12,"minecraft:time_since_death":49776,"minecraft:time_since_rest":49880,"minecraft:sprint_one_cm":286671,"minecraft:damage_taken":1585,"minecraft:walk_one_cm":311095,"minecraft:damage_blocked_by_shield":820,"minecraft:drop":25,"minecraft:damage_dealt":7866,"minecraft:talked_to_villager":1,"minecraft:fly_one_cm":222220,"minecraft:player_kills":1,"minecraft:open_chest":46,"minecraft:crouch_one_cm":993,"minecraft:play_time":83140,"minecraft:deaths":3,"minecraft:sneak_time":338,"minecraft:walk_under_water_one_cm":3895,"minecraft:jump":1300,"minecraft:walk_on_water_one_cm":15565,"minecraft:total_world_time":83140,"minecraft:fall_one_cm":21020},"minecraft:used":{"minecraft:wheat_seeds":12,"minecraft:cooked_mutton":3,"minecraft:ender_pearl":1,"minecraft:shield":21,"minecraft:iron_sword":39,"minecraft:dirt":2,"minecraft:mutton":9,"minecraft:crafting_table":2,"minecraft:wooden_axe":27,"minecraft:apple":4,"minecraft:iron_axe":404,"minecraft:bread":4,"minecraft:map":1,"minecraft:iron_pickaxe":82,"minecraft:stone_axe":36,"minecraft:cobblestone":44,"minecraft:bow":18,"minecraft:andesite":9,"minecraft:cooked_beef":3,"minecraft:potato":4},"minecraft:dropped":{"minecraft:bread":1,"minecraft:cooked_beef":1,"minecraft:dark_oak_sapling":2,"minecraft:bookshelf":6,"minecraft:feather":2,"minecraft:rotten_flesh":3,"minecraft:cobblestone":77,"minecraft:iron_boots":1,"minecraft:spectral_arrow":16,"minecraft:stick":4,"minecraft:dirt":2,"minecraft:iron_chestplate":1,"minecraft:brown_wool":1,"minecraft:wooden_sword":1,"minecraft:arrow":5,"minecraft:bow":1,"minecraft:wooden_pickaxe":1,"minecraft:iron_pickaxe":1},"minecraft:crafted":{"minecraft:cooked_beef":3,"minecraft:map":1,"minecraft:crafting_table":1,"minecraft:iron_sword":1,"minecraft:birch_planks":16,"minecraft:stone_axe":1,"minecraft:cooked_mutton":2,"minecraft:air":0,"minecraft:paper":63,"minecraft:shield":1,"minecraft:iron_axe":2,"minecraft:stick":20,"minecraft:compass":1,"minecraft:iron_pickaxe":1,"minecraft:filled_map":4,"minecraft:dark_oak_planks":4},"minecraft:picked_up":{"minecraft:wooden_axe":1,"minecraft:birch_log":105,"minecraft:iron_chestplate":2,"minecraft:wheat":9,"minecraft:feather":2,"minecraft:cooked_beef":1,"minecraft:chicken":9,"minecraft:andesite":34,"minecraft:brown_wool":1,"minecraft:leather":12,"minecraft:wooden_pickaxe":2,"minecraft:red_mushroom":24,"minecraft:birch_planks":64,"minecraft:wooden_hoe":1,"minecraft:dirt":7,"minecraft:cooked_salmon":14,"minecraft:iron_axe":1,"minecraft:wooden_sword":1,"minecraft:iron_leggings":1,"minecraft:cooked_mutton":1,"minecraft:bow":1,"minecraft:wheat_seeds":29,"minecraft:beef":19,"minecraft:iron_pickaxe":5,"minecraft:sugar_cane":93,"minecraft:iron_boots":2,"minecraft:egg":1,"minecraft:dark_oak_sapling":2,"minecraft:stick":4,"minecraft:pumpkin":3,"minecraft:torch":35,"minecraft:porkchop":18,"minecraft:spectral_arrow":17,"minecraft:dark_oak_log":169,"minecraft:arrow":9,"minecraft:rotten_flesh":3,"minecraft:iron_helmet":2,"minecraft:golden_apple":1,"minecraft:bookshelf":6,"minecraft:warped_roots":1,"minecraft:bread":3,"minecraft:black_wool":1,"minecraft:mutton":16,"minecraft:netherrack":2,"minecraft:coal":12,"minecraft:iron_bars":14,"minecraft:white_wool":9,"minecraft:cobblestone":203,"minecraft:ender_pearl":6},"minecraft:killed":{"minecraft:pig":8,"minecraft:sheep":11,"minecraft:skeleton":4,"minecraft:trader_llama":1,"minecraft:zombie":2,"minecraft:chicken":9,"minecraft:enderman":11,"minecraft:cow":11}},"DataVersion":3953}