{"stats":{"minecraft:mined":{"minecraft:birch_log":21},"minecraft:used":{"minecraft:iron_axe":21},"minecraft:custom":{"minecraft:jump":34,"minecraft:open_chest":11,"minecraft:time_since_rest":5140,"minecraft:damage_dealt":4,"minecraft:interact_with_furnace":10,"minecraft:sprint_one_cm":7719,"minecraft:play_time":5140,"minecraft:damage_taken":30,"minecraft:time_since_death":5140,"minecraft:walk_one_cm":7571,"minecraft:sneak_time":11,"minecraft:total_world_time":5140,"minecraft:fall_one_cm":1730,"minecraft:fly_one_cm":7788},"minecraft:picked_up":{"minecraft:birch_log":20}},"DataVersion":3953}