{"stats":{"minecraft:broken":{"minecraft:iron_shovel":2,"minecraft:iron_axe":3,"minecraft:wooden_axe":1},"minecraft:mined":{"minecraft:dark_oak_planks":33,"minecraft:white_bed":1,"minecraft:dark_oak_leaves":9,"minecraft:dark_oak_log":381,"minecraft:end_stone":2,"minecraft:granite":11,"minecraft:grass_block":186,"minecraft:spruce_leaves":1,"minecraft:pumpkin":3,"minecraft:peony":15,"minecraft:dark_oak_stairs":71,"minecraft:iron_bars":1,"minecraft:stone":71,"minecraft:crafting_table":1,"minecraft:short_grass":12,"minecraft:mushroom_stem":11,"minecraft:cobblestone":14,"minecraft:sugar_cane":95,"minecraft:wall_torch":1,"minecraft:birch_planks":2,"minecraft:birch_log":151,"minecraft:wheat":32,"minecraft:lilac":21,"minecraft:spruce_log":6,"minecraft:birch_leaves":40,"minecraft:coal_ore":12,"minecraft:sand":68,"minecraft:dirt":495,"minecraft:red_mushroom_block":90,"minecraft:oak_leaves":2},"minecraft:killed_by":{"minecraft:player":2,"minecraft:enderman":1,"minecraft:skeleton":2},"minecraft:used":{"minecraft:iron_shovel":661,"minecraft:chest":2,"minecraft:shield":35,"minecraft:iron_sword":111,"minecraft:cooked_chicken":2,"minecraft:dirt":161,"minecraft:mutton":9,"minecraft:dark_oak_planks":172,"minecraft:wooden_axe":27,"minecraft:iron_axe":846,"minecraft:bow":31,"minecraft:beef":7,"minecraft:egg":10,"minecraft:cooked_beef":13,"minecraft:potato":4,"minecraft:wheat_seeds":34,"minecraft:cooked_mutton":7,"minecraft:dark_oak_stairs":352,"minecraft:birch_leaves":64,"minecraft:birch_planks":190,"minecraft:ender_pearl":1,"minecraft:crafting_table":4,"minecraft:white_bed":4,"minecraft:birch_fence":15,"minecraft:apple":8,"minecraft:birch_fence_gate":1,"minecraft:bread":9,"minecraft:iron_pickaxe":126,"minecraft:map":2,"minecraft:stone_axe":36,"minecraft:cobblestone":44,"minecraft:cooked_porkchop":1,"minecraft:andesite":9,"minecraft:glass_pane":34},"minecraft:custom":{"minecraft:mob_kills":94,"minecraft:animals_bred":5,"minecraft:interact_with_crafting_table":36,"minecraft:open_shulker_box":1,"minecraft:leave_game":2,"minecraft:time_since_death":4354,"minecraft:sprint_one_cm":584783,"minecraft:walk_one_cm":885200,"minecraft:damage_blocked_by_shield":1340,"minecraft:drop":42,"minecraft:talked_to_villager":1,"minecraft:play_time":230940,"minecraft:deaths":8,"minecraft:sneak_time":12551,"minecraft:walk_under_water_one_cm":19061,"minecraft:jump":2948,"minecraft:walk_on_water_one_cm":26956,"minecraft:total_world_time":230940,"minecraft:interact_with_furnace":70,"minecraft:sleep_in_bed":6,"minecraft:time_since_rest":4420,"minecraft:damage_taken":4479,"minecraft:damage_dealt":13596,"minecraft:swim_one_cm":19802,"minecraft:fly_one_cm":461567,"minecraft:player_kills":1,"minecraft:open_chest":83,"minecraft:crouch_one_cm":51220,"minecraft:fall_one_cm":65285},"minecraft:crafted":{"minecraft:cooked_chicken":9,"minecraft:stone":47,"minecraft:cooked_mutton":9,"minecraft:glass_pane":80,"minecraft:glass":56,"minecraft:iron_axe":4,"minecraft:birch_fence_gate":1,"minecraft:chest":2,"minecraft:filled_map":8,"minecraft:dark_oak_planks":708,"minecraft:cooked_beef":13,"minecraft:cooked_porkchop":18,"minecraft:dark_oak_stairs":316,"minecraft:map":2,"minecraft:crafting_table":3,"minecraft:iron_sword":1,"minecraft:birch_planks":284,"minecraft:stone_axe":1,"minecraft:bread":6,"minecraft:air":0,"minecraft:paper":126,"minecraft:shield":1,"minecraft:birch_fence":15,"minecraft:stick":44,"minecraft:iron_pickaxe":1,"minecraft:iron_ingot":5,"minecraft:compass":2,"minecraft:iron_shovel":2,"minecraft:white_bed":3},"minecraft:dropped":{"minecraft:bread":1,"minecraft:cooked_beef":1,"minecraft:bookshelf":6,"minecraft:dark_oak_sapling":2,"minecraft:cooked_porkchop":7,"minecraft:cobblestone":77,"minecraft:feather":2,"minecraft:spectral_arrow":16,"minecraft:stick":5,"minecraft:dirt":3,"minecraft:dark_oak_log":64,"minecraft:brown_wool":1,"minecraft:wooden_sword":1,"minecraft:iron_pickaxe":1,"minecraft:birch_log":64,"minecraft:cooked_chicken":7,"minecraft:birch_sapling":6,"minecraft:rotten_flesh":3,"minecraft:iron_boots":1,"minecraft:filled_map":2,"minecraft:iron_chestplate":1,"minecraft:arrow":5,"minecraft:bow":1,"minecraft:wooden_pickaxe":1,"minecraft:black_wool":1},"minecraft:picked_up":{"minecraft:wooden_axe":1,"minecraft:crafting_table":2,"minecraft:iron_chestplate":2,"minecraft:wheat":28,"minecraft:chicken":12,"minecraft:wooden_pickaxe":2,"minecraft:shield":5,"minecraft:string":1,"minecraft:iron_axe":5,"minecraft:cooked_salmon":14,"minecraft:wooden_sword":1,"minecraft:iron_leggings":1,"minecraft:iron_shovel":1,"minecraft:glass_pane":46,"minecraft:beef":26,"minecraft:iron_pickaxe":10,"minecraft:sugar_cane":280,"minecraft:birch_sapling":21,"minecraft:iron_boots":2,"minecraft:egg":12,"minecraft:dark_oak_sapling":8,"minecraft:stick":25,"minecraft:torch":35,"minecraft:porkchop":18,"minecraft:redstone":129,"minecraft:dark_oak_planks":175,"minecraft:arrow":33,"minecraft:rotten_flesh":28,"minecraft:peony":42,"minecraft:bookshelf":6,"minecraft:mutton":16,"minecraft:iron_bars":14,"minecraft:white_wool":36,"minecraft:cobblestone":346,"minecraft:birch_log":427,"minecraft:birch_leaves":168,"minecraft:cooked_beef":17,"minecraft:feather":8,"minecraft:lilac":60,"minecraft:andesite":34,"minecraft:brown_wool":1,"minecraft:leather":56,"minecraft:red_mushroom":96,"minecraft:filled_map":6,"minecraft:birch_planks":176,"minecraft:gunpowder":3,"minecraft:wooden_hoe":4,"minecraft:dirt":981,"minecraft:paper":69,"minecraft:cooked_mutton":2,"minecraft:glass":26,"minecraft:bone":20,"minecraft:bow":4,"minecraft:wheat_seeds":133,"minecraft:iron_ingot":86,"minecraft:cooked_chicken":14,"minecraft:iron_sword":4,"minecraft:dark_oak_stairs":147,"minecraft:cooked_porkchop":64,"minecraft:pumpkin":6,"minecraft:sand":96,"minecraft:white_bed":1,"minecraft:spruce_log":18,"minecraft:spectral_arrow":17,"minecraft:dark_oak_log":1057,"minecraft:iron_helmet":2,"minecraft:granite":2,"minecraft:golden_apple":1,"minecraft:bread":5,"minecraft:warped_roots":1,"minecraft:coal":72,"minecraft:netherrack":2,"minecraft:black_wool":4,"minecraft:ender_pearl":6},"minecraft:killed":{"minecraft:spider":2,"minecraft:skeleton":11,"minecraft:chicken":10,"minecraft:pig":9,"minecraft:creeper":2,"minecraft:sheep":11,"minecraft:trader_llama":1,"minecraft:pillager":1,"minecraft:zombie":21,"minecraft:enderman":11,"minecraft:cow":15}},"DataVersion":3953}