{"stats":{"minecraft:mined":{"minecraft:birch_log":21,"minecraft:iron_bars":1,"minecraft:cobblestone":14},"minecraft:killed_by":{"minecraft:player":1,"minecraft:enderman":1},"minecraft:used":{"minecraft:cooked_mutton":1,"minecraft:apple":4,"minecraft:bread":1,"minecraft:iron_axe":21,"minecraft:iron_pickaxe":15,"minecraft:bow":7,"minecraft:cobblestone":37,"minecraft:potato":4},"minecraft:custom":{"minecraft:time_since_rest":5164,"minecraft:interact_with_furnace":10,"minecraft:sprint_one_cm":89326,"minecraft:damage_taken":683,"minecraft:walk_one_cm":94747,"minecraft:drop":3,"minecraft:damage_dealt":4,"minecraft:fly_one_cm":77178,"minecraft:open_chest":33,"minecraft:crouch_one_cm":12,"minecraft:play_time":23140,"minecraft:deaths":2,"minecraft:sneak_time":19,"minecraft:jump":520,"minecraft:time_since_death":5126,"minecraft:total_world_time":23140,"minecraft:fall_one_cm":6350},"minecraft:dropped":{"minecraft:bread":1,"minecraft:arrow":4,"minecraft:bow":1},"minecraft:picked_up":{"minecraft:wooden_axe":1,"minecraft:birch_log":62,"minecraft:stick":4,"minecraft:iron_chestplate":2,"minecraft:cooked_beef":1,"minecraft:andesite":34,"minecraft:torch":35,"minecraft:wooden_pickaxe":2,"minecraft:birch_planks":64,"minecraft:spectral_arrow":16,"minecraft:iron_axe":1,"minecraft:cooked_salmon":14,"minecraft:wooden_sword":1,"minecraft:iron_leggings":1,"minecraft:cooked_mutton":1,"minecraft:arrow":3,"minecraft:bow":1,"minecraft:iron_helmet":2,"minecraft:golden_apple":1,"minecraft:bookshelf":6,"minecraft:bread":3,"minecraft:warped_roots":1,"minecraft:iron_pickaxe":5,"minecraft:netherrack":2,"minecraft:iron_bars":14,"minecraft:cobblestone":155,"minecraft:iron_boots":2,"minecraft:ender_pearl":3}},"DataVersion":3953}