{"stats":{"minecraft:broken":{"minecraft:iron_shovel":2,"minecraft:iron_axe":3,"minecraft:wooden_axe":1},"minecraft:mined":{"minecraft:dark_oak_planks":32,"minecraft:white_bed":1,"minecraft:dark_oak_leaves":9,"minecraft:dark_oak_log":381,"minecraft:end_stone":2,"minecraft:granite":2,"minecraft:grass_block":185,"minecraft:spruce_leaves":1,"minecraft:pumpkin":3,"minecraft:peony":15,"minecraft:dark_oak_stairs":71,"minecraft:iron_bars":1,"minecraft:stone":49,"minecraft:crafting_table":1,"minecraft:short_grass":12,"minecraft:mushroom_stem":11,"minecraft:cobblestone":14,"minecraft:sugar_cane":95,"minecraft:wall_torch":1,"minecraft:birch_planks":2,"minecraft:birch_log":151,"minecraft:wheat":32,"minecraft:lilac":21,"minecraft:spruce_log":6,"minecraft:birch_leaves":40,"minecraft:coal_ore":12,"minecraft:sand":68,"minecraft:dirt":379,"minecraft:red_mushroom_block":90,"minecraft:oak_leaves":2},"minecraft:killed_by":{"minecraft:player":1,"minecraft:enderman":1,"minecraft:skeleton":2},"minecraft:used":{"minecraft:iron_shovel":566,"minecraft:chest":2,"minecraft:shield":35,"minecraft:iron_sword":111,"minecraft:cooked_chicken":2,"minecraft:dirt":141,"minecraft:mutton":9,"minecraft:dark_oak_planks":147,"minecraft:wooden_axe":27,"minecraft:iron_axe":846,"minecraft:bow":31,"minecraft:beef":7,"minecraft:egg":10,"minecraft:cooked_beef":13,"minecraft:potato":4,"minecraft:wheat_seeds":34,"minecraft:cooked_mutton":7,"minecraft:dark_oak_stairs":352,"minecraft:birch_leaves":64,"minecraft:birch_planks":159,"minecraft:ender_pearl":1,"minecraft:crafting_table":4,"minecraft:white_bed":4,"minecraft:birch_fence":15,"minecraft:apple":8,"minecraft:birch_fence_gate":1,"minecraft:bread":9,"minecraft:iron_pickaxe":91,"minecraft:map":2,"minecraft:stone_axe":36,"minecraft:cobblestone":44,"minecraft:cooked_porkchop":1,"minecraft:andesite":9,"minecraft:glass_pane":34},"minecraft:custom":{"minecraft:mob_kills":94,"minecraft:animals_bred":5,"minecraft:interact_with_crafting_table":36,"minecraft:open_shulker_box":1,"minecraft:leave_game":1,"minecraft:time_since_death":28388,"minecraft:sprint_one_cm":566668,"minecraft:walk_one_cm":857926,"minecraft:damage_blocked_by_shield":1340,"minecraft:drop":35,"minecraft:talked_to_villager":1,"minecraft:play_time":220660,"minecraft:deaths":7,"minecraft:sneak_time":12373,"minecraft:walk_under_water_one_cm":19061,"minecraft:jump":2884,"minecraft:walk_on_water_one_cm":26956,"minecraft:total_world_time":220660,"minecraft:interact_with_furnace":70,"minecraft:sleep_in_bed":6,"minecraft:time_since_rest":23334,"minecraft:damage_taken":4286,"minecraft:damage_dealt":13576,"minecraft:swim_one_cm":19802,"minecraft:fly_one_cm":453807,"minecraft:player_kills":1,"minecraft:open_chest":80,"minecraft:crouch_one_cm":50398,"minecraft:fall_one_cm":62613},"minecraft:crafted":{"minecraft:cooked_chicken":9,"minecraft:stone":47,"minecraft:cooked_mutton":9,"minecraft:glass_pane":80,"minecraft:glass":56,"minecraft:iron_axe":4,"minecraft:birch_fence_gate":1,"minecraft:chest":2,"minecraft:filled_map":8,"minecraft:dark_oak_planks":708,"minecraft:cooked_beef":13,"minecraft:cooked_porkchop":18,"minecraft:dark_oak_stairs":316,"minecraft:map":2,"minecraft:crafting_table":3,"minecraft:iron_sword":1,"minecraft:birch_planks":248,"minecraft:stone_axe":1,"minecraft:bread":6,"minecraft:air":0,"minecraft:paper":126,"minecraft:shield":1,"minecraft:birch_fence":15,"minecraft:stick":44,"minecraft:iron_pickaxe":1,"minecraft:iron_ingot":5,"minecraft:compass":2,"minecraft:iron_shovel":2,"minecraft:white_bed":3},"minecraft:dropped":{"minecraft:bread":1,"minecraft:cooked_beef":1,"minecraft:bookshelf":6,"minecraft:dark_oak_sapling":2,"minecraft:cobblestone":77,"minecraft:feather":2,"minecraft:spectral_arrow":16,"minecraft:stick":5,"minecraft:dirt":3,"minecraft:dark_oak_log":64,"minecraft:brown_wool":1,"minecraft:wooden_sword":1,"minecraft:iron_pickaxe":1,"minecraft:birch_log":64,"minecraft:cooked_chicken":7,"minecraft:birch_sapling":6,"minecraft:rotten_flesh":3,"minecraft:iron_boots":1,"minecraft:filled_map":2,"minecraft:iron_chestplate":1,"minecraft:arrow":5,"minecraft:bow":1,"minecraft:wooden_pickaxe":1,"minecraft:black_wool":1},"minecraft:picked_up":{"minecraft:wooden_axe":1,"minecraft:crafting_table":1,"minecraft:iron_chestplate":2,"minecraft:wheat":28,"minecraft:chicken":11,"minecraft:wooden_pickaxe":2,"minecraft:shield":4,"minecraft:string":1,"minecraft:iron_axe":4,"minecraft:cooked_salmon":14,"minecraft:wooden_sword":1,"minecraft:iron_leggings":1,"minecraft:beef":26,"minecraft:iron_pickaxe":9,"minecraft:sugar_cane":246,"minecraft:birch_sapling":21,"minecraft:iron_boots":2,"minecraft:egg":12,"minecraft:dark_oak_sapling":6,"minecraft:stick":18,"minecraft:torch":35,"minecraft:porkchop":18,"minecraft:redstone":129,"minecraft:dark_oak_planks":86,"minecraft:arrow":31,"minecraft:rotten_flesh":25,"minecraft:peony":42,"minecraft:bookshelf":6,"minecraft:mutton":16,"minecraft:iron_bars":14,"minecraft:white_wool":36,"minecraft:cobblestone":326,"minecraft:birch_log":372,"minecraft:birch_leaves":168,"minecraft:cooked_beef":17,"minecraft:feather":6,"minecraft:lilac":60,"minecraft:andesite":34,"minecraft:brown_wool":1,"minecraft:leather":52,"minecraft:red_mushroom":96,"minecraft:filled_map":5,"minecraft:birch_planks":155,"minecraft:gunpowder":3,"minecraft:wooden_hoe":4,"minecraft:dirt":810,"minecraft:paper":69,"minecraft:cooked_mutton":2,"minecraft:bone":18,"minecraft:bow":4,"minecraft:wheat_seeds":133,"minecraft:iron_ingot":73,"minecraft:cooked_chicken":14,"minecraft:iron_sword":3,"minecraft:dark_oak_stairs":115,"minecraft:cooked_porkchop":54,"minecraft:pumpkin":6,"minecraft:sand":64,"minecraft:white_bed":1,"minecraft:spruce_log":12,"minecraft:spectral_arrow":17,"minecraft:dark_oak_log":929,"minecraft:iron_helmet":2,"minecraft:golden_apple":1,"minecraft:bread":4,"minecraft:warped_roots":1,"minecraft:coal":60,"minecraft:netherrack":2,"minecraft:black_wool":4,"minecraft:ender_pearl":6},"minecraft:killed":{"minecraft:spider":2,"minecraft:skeleton":11,"minecraft:chicken":10,"minecraft:pig":9,"minecraft:creeper":2,"minecraft:sheep":11,"minecraft:trader_llama":1,"minecraft:pillager":1,"minecraft:zombie":21,"minecraft:enderman":11,"minecraft:cow":15}},"DataVersion":3953}