{"stats":{"minecraft:mined":{"minecraft:birch_log":21,"minecraft:end_stone":2,"minecraft:iron_bars":1,"minecraft:cobblestone":14},"minecraft:broken":{"minecraft:wooden_axe":1},"minecraft:killed_by":{"minecraft:player":1,"minecraft:enderman":1},"minecraft:used":{"minecraft:cooked_mutton":1,"minecraft:wooden_axe":27,"minecraft:apple":4,"minecraft:bread":4,"minecraft:iron_axe":21,"minecraft:iron_pickaxe":17,"minecraft:ender_pearl":1,"minecraft:stone_axe":36,"minecraft:bow":10,"minecraft:cobblestone":37,"minecraft:crafting_table":1,"minecraft:andesite":9,"minecraft:potato":4},"minecraft:custom":{"minecraft:time_since_rest":1880,"minecraft:interact_with_furnace":10,"minecraft:sprint_one_cm":124449,"minecraft:damage_taken":1077,"minecraft:walk_one_cm":132150,"minecraft:mob_kills":11,"minecraft:drop":15,"minecraft:damage_dealt":3421,"minecraft:interact_with_crafting_table":2,"minecraft:fly_one_cm":105603,"minecraft:open_chest":43,"minecraft:crouch_one_cm":136,"minecraft:play_time":35140,"minecraft:deaths":3,"minecraft:sneak_time":88,"minecraft:jump":642,"minecraft:time_since_death":1776,"minecraft:total_world_time":35140,"minecraft:fall_one_cm":9400},"minecraft:crafted":{"minecraft:crafting_table":1,"minecraft:stick":8,"minecraft:birch_planks":8,"minecraft:stone_axe":1},"minecraft:dropped":{"minecraft:bread":1,"minecraft:cooked_beef":1,"minecraft:iron_chestplate":1,"minecraft:bookshelf":6,"minecraft:cobblestone":77,"minecraft:wooden_sword":1,"minecraft:spectral_arrow":16,"minecraft:iron_boots":1,"minecraft:arrow":5,"minecraft:bow":1,"minecraft:wooden_pickaxe":1,"minecraft:iron_pickaxe":1,"minecraft:stick":4},"minecraft:picked_up":{"minecraft:wooden_axe":1,"minecraft:birch_log":62,"minecraft:stick":4,"minecraft:iron_chestplate":2,"minecraft:cooked_beef":1,"minecraft:andesite":34,"minecraft:torch":35,"minecraft:wooden_pickaxe":2,"minecraft:birch_planks":64,"minecraft:spectral_arrow":17,"minecraft:iron_axe":1,"minecraft:cooked_salmon":14,"minecraft:wooden_sword":1,"minecraft:iron_leggings":1,"minecraft:cooked_mutton":1,"minecraft:arrow":3,"minecraft:bow":1,"minecraft:iron_helmet":2,"minecraft:golden_apple":1,"minecraft:bookshelf":6,"minecraft:bread":3,"minecraft:warped_roots":1,"minecraft:iron_pickaxe":5,"minecraft:netherrack":2,"minecraft:iron_bars":14,"minecraft:cobblestone":155,"minecraft:iron_boots":2,"minecraft:ender_pearl":6},"minecraft:killed":{"minecraft:enderman":11}},"DataVersion":3953}