{"stats":{"minecraft:broken":{"minecraft:iron_axe":2,"minecraft:wooden_axe":1},"minecraft:mined":{"minecraft:dark_oak_leaves":6,"minecraft:dark_oak_log":176,"minecraft:end_stone":2,"minecraft:short_grass":4,"minecraft:grass_block":6,"minecraft:mushroom_stem":11,"minecraft:cobblestone":14,"minecraft:sugar_cane":58,"minecraft:birch_planks":2,"minecraft:birch_log":125,"minecraft:wheat":12,"minecraft:birch_leaves":9,"minecraft:pumpkin":3,"minecraft:coal_ore":12,"minecraft:iron_bars":1,"minecraft:sand":2,"minecraft:dirt":2,"minecraft:red_mushroom_block":90,"minecraft:stone":49,"minecraft:oak_leaves":1},"minecraft:killed_by":{"minecraft:player":1,"minecraft:skeleton":1,"minecraft:enderman":1},"minecraft:custom":{"minecraft:interact_with_furnace":54,"minecraft:mob_kills":67,"minecraft:animals_bred":4,"minecraft:interact_with_crafting_table":14,"minecraft:time_since_death":13619,"minecraft:time_since_rest":13647,"minecraft:sprint_one_cm":334525,"minecraft:damage_taken":2135,"minecraft:walk_one_cm":457214,"minecraft:damage_blocked_by_shield":1340,"minecraft:drop":27,"minecraft:damage_dealt":9056,"minecraft:talked_to_villager":1,"minecraft:fly_one_cm":266291,"minecraft:player_kills":1,"minecraft:open_chest":49,"minecraft:crouch_one_cm":993,"minecraft:play_time":107140,"minecraft:deaths":4,"minecraft:sneak_time":340,"minecraft:walk_under_water_one_cm":3895,"minecraft:jump":1618,"minecraft:walk_on_water_one_cm":17266,"minecraft:total_world_time":107140,"minecraft:fall_one_cm":26824},"minecraft:used":{"minecraft:wheat_seeds":12,"minecraft:cooked_mutton":7,"minecraft:birch_planks":120,"minecraft:birch_leaves":2,"minecraft:chest":1,"minecraft:ender_pearl":1,"minecraft:shield":35,"minecraft:iron_sword":58,"minecraft:cooked_chicken":2,"minecraft:dirt":7,"minecraft:mutton":9,"minecraft:crafting_table":3,"minecraft:birch_fence":15,"minecraft:wooden_axe":27,"minecraft:apple":4,"minecraft:birch_fence_gate":1,"minecraft:iron_axe":466,"minecraft:bread":4,"minecraft:map":1,"minecraft:iron_pickaxe":82,"minecraft:stone_axe":36,"minecraft:cobblestone":44,"minecraft:bow":28,"minecraft:andesite":9,"minecraft:egg":4,"minecraft:cooked_beef":3,"minecraft:potato":4},"minecraft:dropped":{"minecraft:bread":1,"minecraft:cooked_beef":1,"minecraft:dark_oak_sapling":2,"minecraft:bookshelf":6,"minecraft:feather":2,"minecraft:rotten_flesh":3,"minecraft:cobblestone":77,"minecraft:iron_boots":1,"minecraft:spectral_arrow":16,"minecraft:stick":4,"minecraft:dirt":2,"minecraft:dark_oak_log":64,"minecraft:iron_chestplate":1,"minecraft:brown_wool":1,"minecraft:wooden_sword":1,"minecraft:arrow":5,"minecraft:bow":1,"minecraft:wooden_pickaxe":1,"minecraft:iron_pickaxe":1,"minecraft:birch_log":64},"minecraft:crafted":{"minecraft:cooked_beef":13,"minecraft:cooked_porkchop":18,"minecraft:map":1,"minecraft:crafting_table":2,"minecraft:cooked_chicken":9,"minecraft:iron_sword":1,"minecraft:birch_planks":216,"minecraft:stone_axe":1,"minecraft:cooked_mutton":9,"minecraft:air":0,"minecraft:paper":63,"minecraft:shield":1,"minecraft:iron_axe":2,"minecraft:birch_fence_gate":1,"minecraft:birch_fence":15,"minecraft:stick":32,"minecraft:iron_ingot":5,"minecraft:compass":1,"minecraft:iron_pickaxe":1,"minecraft:chest":1,"minecraft:filled_map":4,"minecraft:dark_oak_planks":4},"minecraft:picked_up":{"minecraft:wooden_axe":1,"minecraft:birch_log":255,"minecraft:birch_leaves":64,"minecraft:iron_chestplate":2,"minecraft:wheat":10,"minecraft:feather":2,"minecraft:cooked_beef":1,"minecraft:chicken":9,"minecraft:andesite":34,"minecraft:brown_wool":1,"minecraft:leather":24,"minecraft:wooden_pickaxe":2,"minecraft:red_mushroom":48,"minecraft:filled_map":1,"minecraft:birch_planks":86,"minecraft:shield":1,"minecraft:paper":23,"minecraft:string":1,"minecraft:wooden_hoe":2,"minecraft:dirt":67,"minecraft:cooked_salmon":14,"minecraft:iron_axe":2,"minecraft:wooden_sword":1,"minecraft:iron_leggings":1,"minecraft:cooked_mutton":2,"minecraft:bone":6,"minecraft:bow":2,"minecraft:wheat_seeds":44,"minecraft:iron_ingot":21,"minecraft:beef":19,"minecraft:iron_pickaxe":6,"minecraft:sugar_cane":123,"minecraft:birch_sapling":2,"minecraft:iron_sword":1,"minecraft:iron_boots":2,"minecraft:egg":6,"minecraft:dark_oak_sapling":2,"minecraft:stick":7,"minecraft:pumpkin":6,"minecraft:torch":35,"minecraft:porkchop":18,"minecraft:redstone":43,"minecraft:spectral_arrow":17,"minecraft:dark_oak_log":337,"minecraft:dark_oak_planks":4,"minecraft:arrow":23,"minecraft:rotten_flesh":7,"minecraft:iron_helmet":2,"minecraft:golden_apple":1,"minecraft:bookshelf":6,"minecraft:warped_roots":1,"minecraft:bread":3,"minecraft:black_wool":2,"minecraft:mutton":16,"minecraft:netherrack":2,"minecraft:coal":24,"minecraft:iron_bars":14,"minecraft:white_wool":18,"minecraft:cobblestone":244,"minecraft:ender_pearl":6},"minecraft:killed":{"minecraft:pig":8,"minecraft:spider":1,"minecraft:sheep":11,"minecraft:skeleton":8,"minecraft:trader_llama":1,"minecraft:pillager":1,"minecraft:zombie":6,"minecraft:chicken":9,"minecraft:enderman":11,"minecraft:cow":11}},"DataVersion":3953}