{"stats":{"minecraft:broken":{"minecraft:wooden_axe":1},"minecraft:mined":{"minecraft:end_stone":2,"minecraft:grass_block":4,"minecraft:cobblestone":14,"minecraft:sugar_cane":58,"minecraft:birch_log":67,"minecraft:wheat":12,"minecraft:birch_leaves":1,"minecraft:pumpkin":3,"minecraft:coal_ore":12,"minecraft:iron_bars":1,"minecraft:dirt":2,"minecraft:stone":7},"minecraft:killed_by":{"minecraft:player":1,"minecraft:enderman":1},"minecraft:custom":{"minecraft:interact_with_furnace":34,"minecraft:mob_kills":33,"minecraft:animals_bred":3,"minecraft:interact_with_crafting_table":10,"minecraft:time_since_death":25776,"minecraft:time_since_rest":25880,"minecraft:sprint_one_cm":207909,"minecraft:damage_taken":1315,"minecraft:walk_one_cm":199775,"minecraft:drop":15,"minecraft:damage_dealt":5576,"minecraft:fly_one_cm":163620,"minecraft:player_kills":1,"minecraft:open_chest":46,"minecraft:crouch_one_cm":993,"minecraft:play_time":59140,"minecraft:deaths":3,"minecraft:sneak_time":335,"minecraft:walk_under_water_one_cm":2123,"minecraft:jump":941,"minecraft:walk_on_water_one_cm":6107,"minecraft:total_world_time":59140,"minecraft:fall_one_cm":15663},"minecraft:used":{"minecraft:wheat_seeds":12,"minecraft:cooked_mutton":3,"minecraft:ender_pearl":1,"minecraft:crafting_table":1,"minecraft:wooden_axe":27,"minecraft:apple":4,"minecraft:iron_axe":112,"minecraft:bread":4,"minecraft:map":1,"minecraft:iron_pickaxe":38,"minecraft:stone_axe":36,"minecraft:cobblestone":37,"minecraft:bow":15,"minecraft:andesite":9,"minecraft:cooked_beef":3,"minecraft:potato":4},"minecraft:dropped":{"minecraft:bread":1,"minecraft:cooked_beef":1,"minecraft:bookshelf":6,"minecraft:cobblestone":77,"minecraft:iron_boots":1,"minecraft:spectral_arrow":16,"minecraft:stick":4,"minecraft:iron_chestplate":1,"minecraft:wooden_sword":1,"minecraft:arrow":5,"minecraft:bow":1,"minecraft:wooden_pickaxe":1,"minecraft:iron_pickaxe":1},"minecraft:crafted":{"minecraft:cooked_beef":3,"minecraft:map":1,"minecraft:crafting_table":1,"minecraft:birch_planks":16,"minecraft:stone_axe":1,"minecraft:cooked_mutton":2,"minecraft:air":0,"minecraft:paper":63,"minecraft:shield":1,"minecraft:iron_axe":1,"minecraft:stick":20,"minecraft:compass":1,"minecraft:iron_pickaxe":1,"minecraft:filled_map":4},"minecraft:picked_up":{"minecraft:wooden_axe":1,"minecraft:birch_log":105,"minecraft:iron_chestplate":2,"minecraft:wheat":9,"minecraft:feather":1,"minecraft:cooked_beef":1,"minecraft:chicken":2,"minecraft:andesite":34,"minecraft:brown_wool":1,"minecraft:leather":6,"minecraft:wooden_pickaxe":2,"minecraft:birch_planks":64,"minecraft:wooden_hoe":1,"minecraft:dirt":6,"minecraft:cooked_salmon":14,"minecraft:iron_axe":1,"minecraft:wooden_sword":1,"minecraft:iron_leggings":1,"minecraft:cooked_mutton":1,"minecraft:bow":1,"minecraft:wheat_seeds":29,"minecraft:beef":14,"minecraft:iron_pickaxe":5,"minecraft:sugar_cane":93,"minecraft:iron_boots":2,"minecraft:stick":4,"minecraft:pumpkin":3,"minecraft:torch":35,"minecraft:porkchop":6,"minecraft:spectral_arrow":17,"minecraft:arrow":3,"minecraft:iron_helmet":2,"minecraft:golden_apple":1,"minecraft:bookshelf":6,"minecraft:warped_roots":1,"minecraft:bread":3,"minecraft:black_wool":1,"minecraft:mutton":12,"minecraft:netherrack":2,"minecraft:coal":12,"minecraft:iron_bars":14,"minecraft:white_wool":6,"minecraft:cobblestone":162,"minecraft:ender_pearl":6},"minecraft:killed":{"minecraft:pig":2,"minecraft:sheep":8,"minecraft:zombie":1,"minecraft:chicken":2,"minecraft:enderman":11,"minecraft:cow":9}},"DataVersion":3953}