{"stats":{"minecraft:broken":{"minecraft:iron_axe":2,"minecraft:wooden_axe":1},"minecraft:mined":{"minecraft:dark_oak_planks":10,"minecraft:dark_oak_leaves":6,"minecraft:dark_oak_log":176,"minecraft:end_stone":2,"minecraft:grass_block":6,"minecraft:pumpkin":3,"minecraft:peony":15,"minecraft:dark_oak_stairs":5,"minecraft:iron_bars":1,"minecraft:stone":49,"minecraft:short_grass":12,"minecraft:mushroom_stem":11,"minecraft:cobblestone":14,"minecraft:sugar_cane":58,"minecraft:birch_planks":2,"minecraft:birch_log":125,"minecraft:wheat":12,"minecraft:lilac":21,"minecraft:birch_leaves":12,"minecraft:coal_ore":12,"minecraft:sand":2,"minecraft:dirt":2,"minecraft:red_mushroom_block":90,"minecraft:oak_leaves":1},"minecraft:killed_by":{"minecraft:player":1,"minecraft:enderman":1,"minecraft:skeleton":2},"minecraft:used":{"minecraft:chest":1,"minecraft:shield":35,"minecraft:iron_sword":80,"minecraft:cooked_chicken":2,"minecraft:dirt":38,"minecraft:mutton":9,"minecraft:dark_oak_planks":10,"minecraft:wooden_axe":27,"minecraft:iron_axe":483,"minecraft:bow":31,"minecraft:egg":6,"minecraft:cooked_beef":5,"minecraft:potato":4,"minecraft:wheat_seeds":12,"minecraft:cooked_mutton":7,"minecraft:dark_oak_stairs":41,"minecraft:birch_planks":148,"minecraft:birch_leaves":22,"minecraft:ender_pearl":1,"minecraft:crafting_table":3,"minecraft:birch_fence":15,"minecraft:apple":4,"minecraft:birch_fence_gate":1,"minecraft:bread":4,"minecraft:iron_pickaxe":82,"minecraft:map":1,"minecraft:stone_axe":36,"minecraft:cobblestone":44,"minecraft:andesite":9},"minecraft:custom":{"minecraft:mob_kills":74,"minecraft:animals_bred":4,"minecraft:interact_with_crafting_table":16,"minecraft:leave_game":1,"minecraft:time_since_death":7460,"minecraft:sprint_one_cm":377871,"minecraft:walk_one_cm":518942,"minecraft:damage_blocked_by_shield":1340,"minecraft:drop":31,"minecraft:talked_to_villager":1,"minecraft:play_time":118934,"minecraft:deaths":5,"minecraft:sneak_time":872,"minecraft:walk_under_water_one_cm":3895,"minecraft:jump":1773,"minecraft:walk_on_water_one_cm":17266,"minecraft:total_world_time":118934,"minecraft:interact_with_furnace":54,"minecraft:time_since_rest":7494,"minecraft:damage_taken":2618,"minecraft:damage_dealt":10195,"minecraft:fly_one_cm":289764,"minecraft:player_kills":1,"minecraft:open_chest":50,"minecraft:crouch_one_cm":3471,"minecraft:fall_one_cm":29615},"minecraft:crafted":{"minecraft:cooked_chicken":9,"minecraft:cooked_mutton":9,"minecraft:iron_axe":3,"minecraft:birch_fence_gate":1,"minecraft:chest":1,"minecraft:filled_map":4,"minecraft:dark_oak_planks":68,"minecraft:cooked_beef":13,"minecraft:cooked_porkchop":18,"minecraft:dark_oak_stairs":36,"minecraft:map":1,"minecraft:crafting_table":2,"minecraft:iron_sword":1,"minecraft:birch_planks":216,"minecraft:stone_axe":1,"minecraft:air":0,"minecraft:paper":63,"minecraft:shield":1,"minecraft:birch_fence":15,"minecraft:stick":32,"minecraft:iron_pickaxe":1,"minecraft:iron_ingot":5,"minecraft:compass":1},"minecraft:dropped":{"minecraft:bread":1,"minecraft:cooked_beef":1,"minecraft:bookshelf":6,"minecraft:dark_oak_sapling":2,"minecraft:cobblestone":77,"minecraft:feather":2,"minecraft:spectral_arrow":16,"minecraft:stick":5,"minecraft:dirt":2,"minecraft:dark_oak_log":64,"minecraft:brown_wool":1,"minecraft:wooden_sword":1,"minecraft:iron_pickaxe":1,"minecraft:birch_log":64,"minecraft:birch_sapling":6,"minecraft:rotten_flesh":3,"minecraft:iron_boots":1,"minecraft:iron_chestplate":1,"minecraft:arrow":5,"minecraft:bow":1,"minecraft:wooden_pickaxe":1,"minecraft:black_wool":1},"minecraft:picked_up":{"minecraft:wooden_axe":1,"minecraft:iron_chestplate":2,"minecraft:wheat":10,"minecraft:chicken":9,"minecraft:wooden_pickaxe":2,"minecraft:shield":2,"minecraft:string":1,"minecraft:iron_axe":2,"minecraft:cooked_salmon":14,"minecraft:wooden_sword":1,"minecraft:iron_leggings":1,"minecraft:beef":19,"minecraft:iron_pickaxe":7,"minecraft:sugar_cane":153,"minecraft:birch_sapling":13,"minecraft:iron_boots":2,"minecraft:egg":8,"minecraft:dark_oak_sapling":2,"minecraft:stick":10,"minecraft:torch":35,"minecraft:porkchop":18,"minecraft:redstone":86,"minecraft:dark_oak_planks":4,"minecraft:arrow":25,"minecraft:rotten_flesh":11,"minecraft:peony":28,"minecraft:bookshelf":6,"minecraft:mutton":16,"minecraft:iron_bars":14,"minecraft:white_wool":27,"minecraft:cobblestone":285,"minecraft:birch_log":300,"minecraft:birch_leaves":126,"minecraft:cooked_beef":9,"minecraft:feather":2,"minecraft:lilac":40,"minecraft:andesite":34,"minecraft:brown_wool":1,"minecraft:leather":36,"minecraft:red_mushroom":72,"minecraft:filled_map":2,"minecraft:birch_planks":108,"minecraft:gunpowder":2,"minecraft:wooden_hoe":3,"minecraft:dirt":132,"minecraft:paper":46,"minecraft:cooked_mutton":2,"minecraft:bone":10,"minecraft:bow":3,"minecraft:wheat_seeds":57,"minecraft:iron_ingot":42,"minecraft:cooked_chicken":7,"minecraft:iron_sword":2,"minecraft:dark_oak_stairs":5,"minecraft:pumpkin":6,"minecraft:cooked_porkchop":18,"minecraft:spectral_arrow":17,"minecraft:dark_oak_log":465,"minecraft:iron_helmet":2,"minecraft:golden_apple":1,"minecraft:bread":3,"minecraft:warped_roots":1,"minecraft:netherrack":2,"minecraft:black_wool":4,"minecraft:coal":36,"minecraft:ender_pearl":6},"minecraft:killed":{"minecraft:spider":1,"minecraft:skeleton":8,"minecraft:chicken":9,"minecraft:pig":8,"minecraft:creeper":1,"minecraft:sheep":11,"minecraft:trader_llama":1,"minecraft:pillager":1,"minecraft:zombie":12,"minecraft:enderman":11,"minecraft:cow":11}},"DataVersion":3953}