{"stats":{"minecraft:broken":{"minecraft:shears":5,"minecraft:stone_pickaxe":1,"minecraft:iron_axe":1,"minecraft:iron_pickaxe":2},"minecraft:mined":{"minecraft:dragon_wall_head":1,"minecraft:nether_gold_ore":110,"minecraft:diamond_ore":4,"minecraft:tuff":31,"minecraft:red_shulker_box":1,"minecraft:deepslate_diamond_ore":38,"minecraft:end_stone":4,"minecraft:brewing_stand":1,"minecraft:shulker_box":1,"minecraft:obsidian":23,"minecraft:granite":104,"minecraft:grass_block":682,"minecraft:birch_slab":4,"minecraft:spruce_leaves":1,"minecraft:spawner":1,"minecraft:magma_block":55,"minecraft:furnace":12,"minecraft:iron_ore":211,"minecraft:fire":71,"minecraft:andesite":74,"minecraft:deepslate_lapis_ore":4,"minecraft:bookshelf":48,"minecraft:shroomlight":1,"minecraft:deepslate_iron_ore":18,"minecraft:warped_stem":7,"minecraft:chorus_plant":1,"minecraft:stone":840,"minecraft:smithing_table":1,"minecraft:deepslate_redstone_ore":6,"minecraft:brown_mushroom":3,"minecraft:soul_sand":28,"minecraft:snow_block":22,"minecraft:crimson_nylium":1,"minecraft:stone_brick_slab":1,"minecraft:powder_snow":15,"minecraft:crafting_table":5,"minecraft:torch":2,"minecraft:short_grass":29,"minecraft:emerald_ore":1,"minecraft:warped_roots":2,"minecraft:chest":5,"minecraft:rose_bush":9,"minecraft:nether_quartz_ore":126,"minecraft:copper_ore":7,"minecraft:tall_grass":1,"minecraft:cobblestone":4,"minecraft:deepslate_gold_ore":6,"minecraft:lapis_ore":11,"minecraft:sugar_cane":111,"minecraft:diorite":51,"minecraft:iron_door":9,"minecraft:wall_torch":1,"minecraft:warped_wart_block":2,"minecraft:birch_planks":26,"minecraft:warped_nylium":13,"minecraft:birch_log":534,"minecraft:wheat":33,"minecraft:birch_leaves":1196,"minecraft:warped_fungus":1,"minecraft:coal_ore":109,"minecraft:oak_log":11,"minecraft:end_rod":2,"minecraft:gravel":36,"minecraft:sand":23,"minecraft:dirt":241,"minecraft:cobweb":8,"minecraft:cracked_stone_bricks":2,"minecraft:ancient_debris":1,"minecraft:stone_bricks":2,"minecraft:netherrack":3019,"minecraft:deepslate":339,"minecraft:mossy_stone_bricks":1,"minecraft:oak_leaves":62},"minecraft:killed_by":{"minecraft:enderman":1,"minecraft:ender_dragon":1,"minecraft:skeleton":1},"minecraft:used":{"minecraft:enchanting_table":1,"minecraft:iron_shovel":7,"minecraft:flint_and_steel":24,"minecraft:chest":20,"minecraft:cooked_chicken":6,"minecraft:netherrack":1113,"minecraft:torch":43,"minecraft:dirt":96,"minecraft:golden_shovel":4,"minecraft:shulker_box":4,"minecraft:obsidian":21,"minecraft:snowball":4,"minecraft:granite":22,"minecraft:red_shulker_box":1,"minecraft:lava_bucket":3,"minecraft:bookshelf":16,"minecraft:iron_axe":244,"minecraft:furnace":20,"minecraft:cooked_beef":49,"minecraft:cooked_mutton":2,"minecraft:wheat_seeds":69,"minecraft:water_bucket":78,"minecraft:diorite":10,"minecraft:birch_planks":26,"minecraft:stone_pickaxe":130,"minecraft:wooden_pickaxe":29,"minecraft:ender_pearl":75,"minecraft:birch_boat":4,"minecraft:sugar_cane":95,"minecraft:diamond_axe":477,"minecraft:cracked_stone_bricks":1,"minecraft:sand":19,"minecraft:crafting_table":8,"minecraft:white_bed":1,"minecraft:end_stone":4,"minecraft:shears":1189,"minecraft:wooden_hoe":36,"minecraft:ender_eye":10,"minecraft:diamond_pickaxe":4400,"minecraft:diamond_shovel":1021,"minecraft:iron_pickaxe":719,"minecraft:birch_slab":214,"minecraft:gravel":6,"minecraft:stone_axe":69,"minecraft:fire_charge":1,"minecraft:diamond_sword":1099,"minecraft:potion":1,"minecraft:cobblestone":12,"minecraft:splash_potion":1,"minecraft:cooked_porkchop":90,"minecraft:bucket":87,"minecraft:bone_meal":54},"minecraft:custom":{"minecraft:interact_with_smithing_table":1,"minecraft:mob_kills":320,"minecraft:animals_bred":10,"minecraft:interact_with_crafting_table":67,"minecraft:open_shulker_box":19,"minecraft:bell_ring":1,"minecraft:leave_game":19,"minecraft:time_since_death":26124,"minecraft:climb_one_cm":1224,"minecraft:sprint_one_cm":1494165,"minecraft:walk_one_cm":808842,"minecraft:drop":83,"minecraft:talked_to_villager":1,"minecraft:play_time":467752,"minecraft:sneak_time":61300,"minecraft:deaths":5,"minecraft:walk_under_water_one_cm":56746,"minecraft:boat_one_cm":136948,"minecraft:jump":10676,"minecraft:walk_on_water_one_cm":35415,"minecraft:enchant_item":7,"minecraft:total_world_time":467752,"minecraft:interact_with_furnace":90,"minecraft:sleep_in_bed":2,"minecraft:time_since_rest":26305,"minecraft:damage_taken":11054,"minecraft:open_enderchest":1,"minecraft:damage_dealt":75575,"minecraft:swim_one_cm":39689,"minecraft:fly_one_cm":2742653,"minecraft:open_chest":328,"minecraft:crouch_one_cm":248823,"minecraft:fall_one_cm":278681},"minecraft:crafted":{"minecraft:blaze_powder":18,"minecraft:birch_boat":3,"minecraft:birch_slab":252,"minecraft:furnace":9,"minecraft:blue_shulker_box":1,"minecraft:bone_meal":57,"minecraft:diamond_shovel":2,"minecraft:oak_trapdoor":8,"minecraft:bookshelf":22,"minecraft:shulker_box":5,"minecraft:cooked_mutton":4,"minecraft:hopper":16,"minecraft:diamond_helmet":1,"minecraft:diamond_leggings":1,"minecraft:iron_boots":1,"minecraft:iron_axe":2,"minecraft:red_shulker_box":1,"minecraft:stone_pickaxe":1,"minecraft:chest":39,"minecraft:diamond_boots":1,"minecraft:ender_eye":10,"minecraft:minecart":1,"minecraft:cooked_beef":49,"minecraft:red_dye":2,"minecraft:diamond_sword":1,"minecraft:cooked_porkchop":26,"minecraft:diamond_axe":1,"minecraft:crafting_table":5,"minecraft:enchanting_table":1,"minecraft:wooden_pickaxe":1,"minecraft:iron_helmet":2,"minecraft:cooked_salmon":7,"minecraft:bucket":10,"minecraft:birch_planks":892,"minecraft:stone_axe":1,"minecraft:air":0,"minecraft:blue_dye":1,"minecraft:iron_chestplate":2,"minecraft:book":6,"minecraft:wooden_hoe":1,"minecraft:paper":18,"minecraft:diamond_pickaxe":3,"minecraft:stick":44,"minecraft:iron_ingot":610,"minecraft:iron_pickaxe":3,"minecraft:iron_leggings":2,"minecraft:gold_ingot":57,"minecraft:white_bed":1,"minecraft:torch":32,"minecraft:shears":5,"minecraft:diamond_chestplate":1},"minecraft:dropped":{"minecraft:bread":4,"minecraft:diamond_axe":1,"minecraft:glass_bottle":1,"minecraft:spectral_arrow":1,"minecraft:rose_bush":7,"minecraft:cooked_salmon":7,"minecraft:snowball":128,"minecraft:gold_ingot":61,"minecraft:iron_nugget":10,"minecraft:rotten_flesh":4,"minecraft:diamond_sword":3,"minecraft:gunpowder":2,"minecraft:golden_sword":1,"minecraft:arrow":2},"minecraft:picked_up":{"minecraft:shulker_shell":25,"minecraft:iron_chestplate":2,"minecraft:crafting_table":7,"minecraft:wheat":32,"minecraft:splash_potion":2,"minecraft:lead":2,"minecraft:smithing_table":1,"minecraft:brown_mushroom":3,"minecraft:diamond_sword":6,"minecraft:wooden_pickaxe":1,"minecraft:enchanted_book":1,"minecraft:potion":6,"minecraft:nether_brick":7,"minecraft:dragon_head":1,"minecraft:brewing_stand":2,"minecraft:string":40,"minecraft:elytra":1,"minecraft:raw_copper":34,"minecraft:iron_axe":2,"minecraft:flint_and_steel":2,"minecraft:iron_leggings":1,"minecraft:blackstone":56,"minecraft:shroomlight":1,"minecraft:cracked_stone_bricks":1,"minecraft:diamond_leggings":4,"minecraft:gold_nugget":685,"minecraft:cobbled_deepslate":454,"minecraft:bucket":5,"minecraft:beef":49,"minecraft:rose_bush":20,"minecraft:iron_nugget":10,"minecraft:iron_pickaxe":3,"minecraft:sugar_cane":147,"minecraft:chest":5,"minecraft:birch_sapling":169,"minecraft:furnace":12,"minecraft:iron_boots":5,"minecraft:egg":8,"minecraft:raw_iron":332,"minecraft:stick":119,"minecraft:end_stone":4,"minecraft:torch":77,"minecraft:fire_charge":5,"minecraft:porkchop":26,"minecraft:diorite":84,"minecraft:trident":1,"minecraft:redstone":35,"minecraft:red_shulker_box":1,"minecraft:arrow":36,"minecraft:rotten_flesh":69,"minecraft:diamond_chestplate":3,"minecraft:beetroot_seeds":11,"minecraft:diamond_boots":4,"minecraft:saddle":1,"minecraft:end_rod":4,"minecraft:gold_ingot":35,"minecraft:blaze_rod":9,"minecraft:mutton":17,"minecraft:obsidian":28,"minecraft:snowball":120,"minecraft:white_wool":11,"minecraft:cobblestone":1267,"minecraft:birch_log":1183,"minecraft:birch_leaves":1166,"minecraft:magma_block":59,"minecraft:cooked_beef":48,"minecraft:andesite":114,"minecraft:magma_cream":2,"minecraft:iron_door":7,"minecraft:birch_slab":6,"minecraft:water_bucket":5,"minecraft:salmon":21,"minecraft:leather":36,"minecraft:birch_planks":257,"minecraft:flint":3,"minecraft:tuff":9,"minecraft:oak_log":11,"minecraft:ancient_debris":1,"minecraft:gunpowder":17,"minecraft:lapis_lazuli":168,"minecraft:dirt":971,"minecraft:cooked_mutton":2,"minecraft:bone":31,"minecraft:apple":1,"minecraft:stone_bricks":2,"minecraft:bow":8,"minecraft:wheat_seeds":98,"minecraft:raw_gold":12,"minecraft:warped_stem":7,"minecraft:iron_ingot":51,"minecraft:cooked_chicken":6,"minecraft:diamond_helmet":4,"minecraft:glass_bottle":1,"minecraft:soul_sand":55,"minecraft:book":141,"minecraft:cooked_porkchop":56,"minecraft:birch_boat":1,"minecraft:warped_wart_block":2,"minecraft:stone_brick_slab":2,"minecraft:quartz":179,"minecraft:gravel":151,"minecraft:sand":22,"minecraft:grass_block":3,"minecraft:spectral_arrow":47,"minecraft:spider_eye":9,"minecraft:shulker_box":1,"minecraft:dragon_egg":1,"minecraft:diamond_shovel":3,"minecraft:diamond":88,"minecraft:stone_axe":3,"minecraft:short_grass":2,"minecraft:iron_helmet":3,"minecraft:granite":117,"minecraft:diamond_axe":4,"minecraft:gray_wool":2,"minecraft:warped_roots":2,"minecraft:emerald":1,"minecraft:golden_horse_armor":2,"minecraft:bread":1,"minecraft:netherrack":3197,"minecraft:chorus_fruit":24,"minecraft:warped_nylium":4,"minecraft:coal":224,"minecraft:diamond_pickaxe":3,"minecraft:ender_pearl":105},"minecraft:killed":{"minecraft:bogged":3,"minecraft:spider":14,"minecraft:shulker":16,"minecraft:phantom":1,"minecraft:skeleton":24,"minecraft:chicken":3,"minecraft:silverfish":3,"minecraft:drowned":3,"minecraft:magma_cube":9,"minecraft:piglin":7,"minecraft:pig":14,"minecraft:zombie_villager":1,"minecraft:salmon":7,"minecraft:ender_dragon":1,"minecraft:wandering_trader":1,"minecraft:creeper":10,"minecraft:sheep":11,"minecraft:trader_llama":2,"minecraft:zombie":53,"minecraft:enderman":91,"minecraft:blaze":22,"minecraft:cow":20}},"DataVersion":3953}