{"stats":{"minecraft:broken":{"minecraft:stone_pickaxe":1,"minecraft:iron_axe":1,"minecraft:iron_pickaxe":2},"minecraft:mined":{"minecraft:nether_gold_ore":18,"minecraft:deepslate_diamond_ore":23,"minecraft:obsidian":5,"minecraft:granite":71,"minecraft:grass_block":501,"minecraft:magma_block":52,"minecraft:furnace":12,"minecraft:iron_ore":98,"minecraft:fire":44,"minecraft:andesite":40,"minecraft:deepslate_iron_ore":10,"minecraft:stone":367,"minecraft:brown_mushroom":3,"minecraft:soul_sand":28,"minecraft:stone_brick_slab":1,"minecraft:crafting_table":4,"minecraft:short_grass":27,"minecraft:chest":5,"minecraft:rose_bush":9,"minecraft:nether_quartz_ore":73,"minecraft:copper_ore":3,"minecraft:cobblestone":4,"minecraft:lapis_ore":4,"minecraft:deepslate_gold_ore":6,"minecraft:sugar_cane":35,"minecraft:diorite":49,"minecraft:birch_planks":26,"minecraft:birch_log":519,"minecraft:wheat":17,"minecraft:birch_leaves":7,"minecraft:coal_ore":32,"minecraft:gravel":10,"minecraft:dirt":195,"minecraft:ancient_debris":1,"minecraft:netherrack":500,"minecraft:oak_leaves":1,"minecraft:deepslate":163},"minecraft:killed_by":{"minecraft:skeleton":1},"minecraft:custom":{"minecraft:mob_kills":98,"minecraft:animals_bred":7,"minecraft:interact_with_crafting_table":32,"minecraft:leave_game":5,"minecraft:time_since_death":122174,"minecraft:climb_one_cm":42,"minecraft:sprint_one_cm":470731,"minecraft:walk_one_cm":264978,"minecraft:drop":2,"minecraft:talked_to_villager":1,"minecraft:play_time":166068,"minecraft:deaths":2,"minecraft:sneak_time":29394,"minecraft:walk_under_water_one_cm":9894,"minecraft:boat_one_cm":136948,"minecraft:jump":2919,"minecraft:walk_on_water_one_cm":18110,"minecraft:total_world_time":166068,"minecraft:interact_with_furnace":31,"minecraft:time_since_rest":122178,"minecraft:damage_taken":2513,"minecraft:damage_dealt":16660,"minecraft:fly_one_cm":473166,"minecraft:swim_one_cm":16253,"minecraft:open_chest":76,"minecraft:crouch_one_cm":109081,"minecraft:fall_one_cm":58325},"minecraft:used":{"minecraft:enchanting_table":1,"minecraft:flint_and_steel":23,"minecraft:chest":12,"minecraft:cooked_chicken":4,"minecraft:netherrack":52,"minecraft:torch":32,"minecraft:dirt":43,"minecraft:golden_shovel":4,"minecraft:granite":22,"minecraft:obsidian":1,"minecraft:lava_bucket":3,"minecraft:iron_axe":244,"minecraft:furnace":20,"minecraft:wheat_seeds":44,"minecraft:cooked_mutton":2,"minecraft:water_bucket":6,"minecraft:diorite":10,"minecraft:birch_planks":26,"minecraft:stone_pickaxe":130,"minecraft:birch_boat":4,"minecraft:wooden_pickaxe":29,"minecraft:sugar_cane":50,"minecraft:diamond_axe":322,"minecraft:crafting_table":5,"minecraft:white_bed":1,"minecraft:wooden_hoe":36,"minecraft:diamond_pickaxe":674,"minecraft:diamond_shovel":706,"minecraft:iron_pickaxe":719,"minecraft:gravel":6,"minecraft:stone_axe":69,"minecraft:diamond_sword":212,"minecraft:cobblestone":12,"minecraft:cooked_porkchop":29,"minecraft:bucket":10,"minecraft:bone_meal":51},"minecraft:dropped":{"minecraft:rose_bush":7,"minecraft:gunpowder":2},"minecraft:crafted":{"minecraft:birch_boat":3,"minecraft:furnace":9,"minecraft:bone_meal":51,"minecraft:diamond_shovel":1,"minecraft:iron_boots":1,"minecraft:iron_axe":2,"minecraft:stone_pickaxe":1,"minecraft:chest":11,"minecraft:diamond_sword":1,"minecraft:diamond_axe":1,"minecraft:crafting_table":3,"minecraft:enchanting_table":1,"minecraft:wooden_pickaxe":1,"minecraft:iron_helmet":1,"minecraft:birch_planks":184,"minecraft:bucket":2,"minecraft:stone_axe":1,"minecraft:air":0,"minecraft:wooden_hoe":1,"minecraft:iron_chestplate":1,"minecraft:book":1,"minecraft:paper":3,"minecraft:diamond_pickaxe":1,"minecraft:stick":44,"minecraft:iron_ingot":107,"minecraft:iron_pickaxe":3,"minecraft:iron_leggings":1,"minecraft:gold_ingot":13,"minecraft:white_bed":1,"minecraft:torch":32},"minecraft:picked_up":{"minecraft:crafting_table":4,"minecraft:wheat":17,"minecraft:brown_mushroom":3,"minecraft:lead":2,"minecraft:wooden_pickaxe":1,"minecraft:string":10,"minecraft:raw_copper":18,"minecraft:iron_axe":2,"minecraft:flint_and_steel":2,"minecraft:gold_nugget":68,"minecraft:cobbled_deepslate":326,"minecraft:bucket":1,"minecraft:beef":2,"minecraft:rose_bush":20,"minecraft:iron_pickaxe":3,"minecraft:sugar_cane":53,"minecraft:chest":5,"minecraft:birch_sapling":169,"minecraft:egg":6,"minecraft:furnace":12,"minecraft:stick":119,"minecraft:raw_iron":107,"minecraft:torch":67,"minecraft:fire_charge":1,"minecraft:diorite":84,"minecraft:arrow":31,"minecraft:rotten_flesh":49,"minecraft:mutton":8,"minecraft:obsidian":5,"minecraft:white_wool":8,"minecraft:cobblestone":794,"minecraft:birch_log":1049,"minecraft:magma_block":58,"minecraft:andesite":80,"minecraft:salmon":21,"minecraft:leather":4,"minecraft:birch_planks":257,"minecraft:flint":1,"minecraft:ancient_debris":1,"minecraft:gunpowder":10,"minecraft:lapis_lazuli":22,"minecraft:dirt":716,"minecraft:cooked_mutton":2,"minecraft:bone":25,"minecraft:bow":8,"minecraft:wheat_seeds":56,"minecraft:raw_gold":12,"minecraft:iron_ingot":2,"minecraft:cooked_chicken":4,"minecraft:soul_sand":28,"minecraft:cooked_porkchop":8,"minecraft:birch_boat":1,"minecraft:stone_brick_slab":2,"minecraft:quartz":72,"minecraft:gravel":16,"minecraft:grass_block":3,"minecraft:spider_eye":7,"minecraft:diamond":37,"minecraft:stone_axe":3,"minecraft:granite":84,"minecraft:gray_wool":1,"minecraft:coal":57,"minecraft:netherrack":488,"minecraft:ender_pearl":1},"minecraft:killed":{"minecraft:bogged":3,"minecraft:spider":11,"minecraft:skeleton":15,"minecraft:chicken":3,"minecraft:drowned":2,"minecraft:pig":2,"minecraft:salmon":7,"minecraft:wandering_trader":1,"minecraft:creeper":7,"minecraft:sheep":6,"minecraft:trader_llama":2,"minecraft:zombie":33,"minecraft:cow":1,"minecraft:enderman":3}},"DataVersion":3953}