{"stats":{"minecraft:crafted":{"minecraft:diamond_sword":1,"minecraft:diamond_axe":1,"minecraft:crafting_table":3,"minecraft:iron_helmet":1,"minecraft:wooden_pickaxe":1,"minecraft:furnace":9,"minecraft:bucket":2,"minecraft:birch_planks":180,"minecraft:stone_axe":1,"minecraft:air":0,"minecraft:iron_boots":1,"minecraft:iron_chestplate":1,"minecraft:diamond_pickaxe":1,"minecraft:iron_axe":2,"minecraft:stick":44,"minecraft:iron_ingot":45,"minecraft:iron_pickaxe":3,"minecraft:stone_pickaxe":1,"minecraft:chest":3,"minecraft:iron_leggings":1,"minecraft:torch":32},"minecraft:picked_up":{"minecraft:birch_log":535,"minecraft:crafting_table":3,"minecraft:magma_block":7,"minecraft:salmon":14,"minecraft:andesite":40,"minecraft:birch_planks":202,"minecraft:gunpowder":1,"minecraft:dirt":9,"minecraft:string":3,"minecraft:raw_copper":9,"minecraft:iron_axe":1,"minecraft:flint_and_steel":2,"minecraft:cooked_mutton":2,"minecraft:bone":18,"minecraft:bow":5,"minecraft:wheat_seeds":1,"minecraft:cobbled_deepslate":163,"minecraft:raw_gold":6,"minecraft:iron_ingot":2,"minecraft:cooked_chicken":4,"minecraft:rose_bush":1,"minecraft:iron_pickaxe":2,"minecraft:chest":1,"minecraft:birch_sapling":80,"minecraft:furnace":1,"minecraft:egg":3,"minecraft:stick":100,"minecraft:raw_iron":107,"minecraft:stone_brick_slab":1,"minecraft:torch":64,"minecraft:gravel":6,"minecraft:diorite":47,"minecraft:spider_eye":3,"minecraft:arrow":13,"minecraft:rotten_flesh":10,"minecraft:diamond":23,"minecraft:stone_axe":2,"minecraft:granite":69,"minecraft:obsidian":5,"minecraft:coal":48,"minecraft:white_wool":2,"minecraft:cobblestone":506},"minecraft:custom":{"minecraft:interact_with_furnace":14,"minecraft:mob_kills":33,"minecraft:interact_with_crafting_table":19,"minecraft:leave_game":2,"minecraft:time_since_death":31756,"minecraft:time_since_rest":31760,"minecraft:sprint_one_cm":186207,"minecraft:damage_taken":1121,"minecraft:walk_one_cm":107734,"minecraft:damage_dealt":4458,"minecraft:swim_one_cm":12876,"minecraft:fly_one_cm":115306,"minecraft:open_chest":10,"minecraft:crouch_one_cm":28759,"minecraft:play_time":75650,"minecraft:deaths":2,"minecraft:sneak_time":13732,"minecraft:walk_under_water_one_cm":7847,"minecraft:jump":1107,"minecraft:walk_on_water_one_cm":15020,"minecraft:total_world_time":75650,"minecraft:fall_one_cm":17258},"minecraft:mined":{"minecraft:deepslate_diamond_ore":23,"minecraft:stone_brick_slab":1,"minecraft:obsidian":5,"minecraft:crafting_table":3,"minecraft:granite":70,"minecraft:short_grass":5,"minecraft:grass_block":3,"minecraft:chest":1,"minecraft:rose_bush":2,"minecraft:copper_ore":3,"minecraft:cobblestone":4,"minecraft:deepslate_gold_ore":6,"minecraft:diorite":49,"minecraft:birch_planks":3,"minecraft:magma_block":7,"minecraft:furnace":1,"minecraft:birch_log":240,"minecraft:iron_ore":98,"minecraft:fire":37,"minecraft:andesite":40,"minecraft:birch_leaves":3,"minecraft:coal_ore":32,"minecraft:deepslate_iron_ore":10,"minecraft:gravel":7,"minecraft:dirt":6,"minecraft:stone":367,"minecraft:deepslate":163},"minecraft:broken":{"minecraft:stone_pickaxe":1,"minecraft:iron_axe":1,"minecraft:iron_pickaxe":2},"minecraft:killed":{"minecraft:salmon":7,"minecraft:spider":1,"minecraft:creeper":3,"minecraft:sheep":2,"minecraft:skeleton":8,"minecraft:zombie":9,"minecraft:chicken":3},"minecraft:used":{"minecraft:cooked_mutton":2,"minecraft:water_bucket":6,"minecraft:diorite":10,"minecraft:flint_and_steel":14,"minecraft:birch_planks":26,"minecraft:stone_pickaxe":130,"minecraft:chest":4,"minecraft:wooden_pickaxe":29,"minecraft:diamond_axe":2,"minecraft:cooked_chicken":4,"minecraft:dirt":1,"minecraft:crafting_table":4,"minecraft:golden_shovel":4,"minecraft:granite":21,"minecraft:obsidian":1,"minecraft:diamond_pickaxe":17,"minecraft:lava_bucket":3,"minecraft:iron_axe":244,"minecraft:iron_pickaxe":719,"minecraft:gravel":6,"minecraft:stone_axe":69,"minecraft:diamond_sword":3,"minecraft:cobblestone":12,"minecraft:furnace":10,"minecraft:cooked_porkchop":6,"minecraft:bucket":10},"minecraft:killed_by":{"minecraft:skeleton":1}},"DataVersion":3953}