{"stats":{"minecraft:crafted":{"minecraft:crafting_table":1,"minecraft:stick":8,"minecraft:wooden_pickaxe":1,"minecraft:stone_pickaxe":1,"minecraft:chest":3,"minecraft:torch":4,"minecraft:birch_planks":176,"minecraft:stone_axe":1},"minecraft:picked_up":{"minecraft:magma_block":7,"minecraft:birch_log":45,"minecraft:stick":2,"minecraft:crafting_table":1,"minecraft:andesite":2,"minecraft:gravel":4,"minecraft:birch_planks":1,"minecraft:diorite":3,"minecraft:dirt":9,"minecraft:cooked_mutton":2,"minecraft:arrow":1,"minecraft:bone":1,"minecraft:bow":1,"minecraft:wheat_seeds":1,"minecraft:granite":10,"minecraft:cooked_chicken":4,"minecraft:rose_bush":1,"minecraft:chest":1,"minecraft:birch_sapling":10,"minecraft:coal":7,"minecraft:white_wool":2,"minecraft:cobblestone":61,"minecraft:egg":3},"minecraft:custom":{"minecraft:time_since_rest":24655,"minecraft:sprint_one_cm":52000,"minecraft:damage_taken":340,"minecraft:walk_one_cm":38185,"minecraft:mob_kills":10,"minecraft:damage_dealt":1020,"minecraft:swim_one_cm":7496,"minecraft:interact_with_crafting_table":6,"minecraft:fly_one_cm":51318,"minecraft:open_chest":3,"minecraft:crouch_one_cm":5428,"minecraft:play_time":24655,"minecraft:sneak_time":2368,"minecraft:walk_under_water_one_cm":1772,"minecraft:jump":354,"minecraft:leave_game":1,"minecraft:time_since_death":24655,"minecraft:walk_on_water_one_cm":3607,"minecraft:total_world_time":24655,"minecraft:fall_one_cm":7144},"minecraft:mined":{"minecraft:birch_planks":2,"minecraft:magma_block":7,"minecraft:birch_log":45,"minecraft:fire":32,"minecraft:birch_leaves":1,"minecraft:andesite":2,"minecraft:crafting_table":1,"minecraft:granite":10,"minecraft:short_grass":3,"minecraft:grass_block":3,"minecraft:coal_ore":7,"minecraft:chest":1,"minecraft:rose_bush":2,"minecraft:gravel":4,"minecraft:dirt":6,"minecraft:stone":61,"minecraft:diorite":3},"minecraft:used":{"minecraft:cooked_mutton":2,"minecraft:flint_and_steel":8,"minecraft:birch_planks":24,"minecraft:stone_pickaxe":73,"minecraft:chest":4,"minecraft:wooden_pickaxe":29,"minecraft:cooked_chicken":3,"minecraft:stone_axe":69,"minecraft:dirt":1,"minecraft:crafting_table":2,"minecraft:golden_shovel":2,"minecraft:obsidian":1},"minecraft:killed":{"minecraft:skeleton":3,"minecraft:sheep":2,"minecraft:chicken":3,"minecraft:creeper":2}},"DataVersion":3953}