{"stats":{"minecraft:crafted":{"minecraft:furnace":9,"minecraft:bone_meal":42,"minecraft:diamond_shovel":1,"minecraft:iron_boots":1,"minecraft:iron_axe":2,"minecraft:stone_pickaxe":1,"minecraft:chest":11,"minecraft:diamond_sword":1,"minecraft:diamond_axe":1,"minecraft:crafting_table":3,"minecraft:enchanting_table":1,"minecraft:wooden_pickaxe":1,"minecraft:iron_helmet":1,"minecraft:birch_planks":184,"minecraft:bucket":2,"minecraft:stone_axe":1,"minecraft:air":0,"minecraft:wooden_hoe":1,"minecraft:iron_chestplate":1,"minecraft:book":1,"minecraft:paper":3,"minecraft:diamond_pickaxe":1,"minecraft:stick":44,"minecraft:iron_ingot":107,"minecraft:iron_pickaxe":3,"minecraft:iron_leggings":1,"minecraft:torch":32},"minecraft:picked_up":{"minecraft:crafting_table":4,"minecraft:wheat":12,"minecraft:lead":2,"minecraft:wooden_pickaxe":1,"minecraft:string":10,"minecraft:raw_copper":18,"minecraft:iron_axe":2,"minecraft:flint_and_steel":2,"minecraft:gold_nugget":68,"minecraft:cobbled_deepslate":326,"minecraft:bucket":1,"minecraft:beef":2,"minecraft:rose_bush":20,"minecraft:iron_pickaxe":3,"minecraft:sugar_cane":33,"minecraft:chest":5,"minecraft:birch_sapling":169,"minecraft:egg":6,"minecraft:furnace":12,"minecraft:raw_iron":107,"minecraft:stick":119,"minecraft:torch":66,"minecraft:fire_charge":1,"minecraft:diorite":84,"minecraft:arrow":25,"minecraft:rotten_flesh":41,"minecraft:obsidian":5,"minecraft:white_wool":4,"minecraft:cobblestone":794,"minecraft:birch_log":1049,"minecraft:magma_block":24,"minecraft:salmon":21,"minecraft:andesite":80,"minecraft:leather":4,"minecraft:birch_planks":257,"minecraft:flint":1,"minecraft:gunpowder":10,"minecraft:dirt":650,"minecraft:lapis_lazuli":22,"minecraft:cooked_mutton":2,"minecraft:bone":22,"minecraft:bow":8,"minecraft:wheat_seeds":40,"minecraft:raw_gold":12,"minecraft:iron_ingot":2,"minecraft:cooked_chicken":4,"minecraft:cooked_porkchop":3,"minecraft:stone_brick_slab":2,"minecraft:quartz":48,"minecraft:gravel":6,"minecraft:grass_block":3,"minecraft:spider_eye":7,"minecraft:diamond":37,"minecraft:stone_axe":3,"minecraft:granite":84,"minecraft:coal":57,"minecraft:netherrack":92,"minecraft:ender_pearl":1},"minecraft:custom":{"minecraft:mob_kills":78,"minecraft:animals_bred":4,"minecraft:interact_with_crafting_table":28,"minecraft:leave_game":4,"minecraft:time_since_death":94322,"minecraft:sprint_one_cm":380073,"minecraft:walk_one_cm":217166,"minecraft:drop":2,"minecraft:talked_to_villager":1,"minecraft:play_time":138216,"minecraft:deaths":2,"minecraft:sneak_time":23717,"minecraft:walk_under_water_one_cm":9894,"minecraft:jump":2186,"minecraft:walk_on_water_one_cm":16888,"minecraft:total_world_time":138216,"minecraft:interact_with_furnace":26,"minecraft:time_since_rest":94326,"minecraft:damage_taken":2046,"minecraft:damage_dealt":13658,"minecraft:fly_one_cm":327103,"minecraft:swim_one_cm":16253,"minecraft:open_chest":48,"minecraft:crouch_one_cm":83883,"minecraft:fall_one_cm":43883},"minecraft:broken":{"minecraft:stone_pickaxe":1,"minecraft:iron_axe":1,"minecraft:iron_pickaxe":2},"minecraft:mined":{"minecraft:nether_gold_ore":18,"minecraft:deepslate_diamond_ore":23,"minecraft:obsidian":5,"minecraft:granite":71,"minecraft:grass_block":456,"minecraft:magma_block":18,"minecraft:furnace":12,"minecraft:iron_ore":98,"minecraft:fire":41,"minecraft:andesite":40,"minecraft:deepslate_iron_ore":10,"minecraft:stone":367,"minecraft:stone_brick_slab":1,"minecraft:crafting_table":4,"minecraft:short_grass":25,"minecraft:chest":5,"minecraft:rose_bush":9,"minecraft:nether_quartz_ore":49,"minecraft:copper_ore":3,"minecraft:cobblestone":4,"minecraft:lapis_ore":4,"minecraft:deepslate_gold_ore":6,"minecraft:sugar_cane":20,"minecraft:diorite":49,"minecraft:birch_planks":26,"minecraft:birch_log":519,"minecraft:wheat":11,"minecraft:birch_leaves":7,"minecraft:coal_ore":32,"minecraft:gravel":7,"minecraft:dirt":174,"minecraft:netherrack":95,"minecraft:deepslate":163},"minecraft:killed":{"minecraft:spider":11,"minecraft:skeleton":14,"minecraft:chicken":3,"minecraft:drowned":1,"minecraft:salmon":7,"minecraft:wandering_trader":1,"minecraft:creeper":6,"minecraft:sheep":2,"minecraft:trader_llama":2,"minecraft:zombie":26,"minecraft:cow":1,"minecraft:enderman":3},"minecraft:used":{"minecraft:enchanting_table":1,"minecraft:flint_and_steel":19,"minecraft:chest":12,"minecraft:cooked_chicken":4,"minecraft:netherrack":41,"minecraft:torch":32,"minecraft:dirt":43,"minecraft:golden_shovel":4,"minecraft:granite":22,"minecraft:obsidian":1,"minecraft:lava_bucket":3,"minecraft:iron_axe":244,"minecraft:furnace":20,"minecraft:wheat_seeds":38,"minecraft:cooked_mutton":2,"minecraft:water_bucket":6,"minecraft:diorite":10,"minecraft:birch_planks":26,"minecraft:stone_pickaxe":130,"minecraft:wooden_pickaxe":29,"minecraft:diamond_axe":322,"minecraft:sugar_cane":30,"minecraft:crafting_table":5,"minecraft:wooden_hoe":36,"minecraft:diamond_pickaxe":208,"minecraft:diamond_shovel":610,"minecraft:iron_pickaxe":719,"minecraft:gravel":6,"minecraft:stone_axe":69,"minecraft:diamond_sword":154,"minecraft:cobblestone":12,"minecraft:cooked_porkchop":20,"minecraft:bucket":10,"minecraft:bone_meal":42},"minecraft:dropped":{"minecraft:rose_bush":7,"minecraft:gunpowder":2},"minecraft:killed_by":{"minecraft:skeleton":1}},"DataVersion":3953}