{"stats":{"minecraft:crafted":{"minecraft:birch_planks":12,"minecraft:crafting_table":1,"minecraft:stick":4},"minecraft:picked_up":{"minecraft:birch_log":4,"minecraft:birch_sapling":1},"minecraft:custom":{"minecraft:jump":38,"minecraft:walk_on_water_one_cm":159,"minecraft:crouch_one_cm":484,"minecraft:damage_taken":80,"minecraft:play_time":7215,"minecraft:sprint_one_cm":6885,"minecraft:time_since_death":7215,"minecraft:walk_one_cm":6370,"minecraft:sneak_time":236,"minecraft:walk_under_water_one_cm":64,"minecraft:total_world_time":7215,"minecraft:swim_one_cm":423,"minecraft:fall_one_cm":1639,"minecraft:fly_one_cm":4893,"minecraft:open_chest":1,"minecraft:time_since_rest":7215},"minecraft:mined":{"minecraft:birch_log":4,"minecraft:fire":29},"minecraft:used":{"minecraft:obsidian":1}},"DataVersion":3953}