{"stats":{"minecraft:crafted":{"minecraft:crafting_table":2,"minecraft:wooden_pickaxe":1,"minecraft:furnace":1,"minecraft:birch_planks":180,"minecraft:stone_axe":1,"minecraft:air":0,"minecraft:iron_axe":1,"minecraft:stick":44,"minecraft:iron_ingot":10,"minecraft:iron_pickaxe":2,"minecraft:stone_pickaxe":1,"minecraft:chest":3,"minecraft:torch":32},"minecraft:picked_up":{"minecraft:birch_log":100,"minecraft:crafting_table":1,"minecraft:magma_block":7,"minecraft:andesite":23,"minecraft:birch_planks":1,"minecraft:string":1,"minecraft:dirt":9,"minecraft:raw_copper":9,"minecraft:cooked_mutton":2,"minecraft:bone":3,"minecraft:bow":1,"minecraft:wheat_seeds":1,"minecraft:cooked_chicken":4,"minecraft:rose_bush":1,"minecraft:chest":1,"minecraft:birch_sapling":10,"minecraft:egg":3,"minecraft:raw_iron":39,"minecraft:stick":2,"minecraft:gravel":6,"minecraft:diorite":12,"minecraft:spider_eye":1,"minecraft:arrow":2,"minecraft:granite":14,"minecraft:coal":22,"minecraft:white_wool":2,"minecraft:cobblestone":289},"minecraft:custom":{"minecraft:interact_with_furnace":6,"minecraft:mob_kills":14,"minecraft:interact_with_crafting_table":12,"minecraft:leave_game":1,"minecraft:time_since_death":36655,"minecraft:time_since_rest":36655,"minecraft:sprint_one_cm":64558,"minecraft:damage_taken":430,"minecraft:walk_one_cm":55107,"minecraft:damage_dealt":1781,"minecraft:swim_one_cm":7496,"minecraft:fly_one_cm":58534,"minecraft:open_chest":4,"minecraft:crouch_one_cm":14825,"minecraft:play_time":36655,"minecraft:sneak_time":6208,"minecraft:walk_under_water_one_cm":3639,"minecraft:jump":482,"minecraft:walk_on_water_one_cm":8357,"minecraft:total_world_time":36655,"minecraft:fall_one_cm":7771},"minecraft:mined":{"minecraft:crafting_table":1,"minecraft:granite":14,"minecraft:short_grass":3,"minecraft:grass_block":3,"minecraft:chest":1,"minecraft:rose_bush":2,"minecraft:copper_ore":3,"minecraft:cobblestone":4,"minecraft:diorite":14,"minecraft:birch_planks":2,"minecraft:magma_block":7,"minecraft:birch_log":102,"minecraft:iron_ore":39,"minecraft:fire":33,"minecraft:andesite":23,"minecraft:birch_leaves":3,"minecraft:coal_ore":22,"minecraft:gravel":7,"minecraft:dirt":6,"minecraft:stone":285},"minecraft:broken":{"minecraft:stone_pickaxe":1,"minecraft:iron_pickaxe":1},"minecraft:killed":{"minecraft:spider":1,"minecraft:creeper":2,"minecraft:sheep":2,"minecraft:skeleton":4,"minecraft:zombie":2,"minecraft:chicken":3},"minecraft:used":{"minecraft:cooked_mutton":2,"minecraft:diorite":5,"minecraft:flint_and_steel":9,"minecraft:birch_planks":24,"minecraft:stone_pickaxe":130,"minecraft:chest":4,"minecraft:wooden_pickaxe":29,"minecraft:cooked_chicken":4,"minecraft:dirt":1,"minecraft:crafting_table":3,"minecraft:golden_shovel":4,"minecraft:obsidian":1,"minecraft:iron_axe":68,"minecraft:iron_pickaxe":265,"minecraft:gravel":6,"minecraft:stone_axe":69,"minecraft:cobblestone":11,"minecraft:furnace":1}},"DataVersion":3953}