{"stats":{"minecraft:crafted":{"minecraft:crafting_table":3,"minecraft:iron_helmet":1,"minecraft:wooden_pickaxe":1,"minecraft:furnace":1,"minecraft:birch_planks":180,"minecraft:stone_axe":1,"minecraft:air":0,"minecraft:iron_boots":1,"minecraft:iron_chestplate":1,"minecraft:diamond_pickaxe":1,"minecraft:iron_axe":2,"minecraft:stick":44,"minecraft:iron_ingot":39,"minecraft:iron_pickaxe":3,"minecraft:stone_pickaxe":1,"minecraft:chest":3,"minecraft:iron_leggings":1,"minecraft:torch":32},"minecraft:picked_up":{"minecraft:birch_log":535,"minecraft:crafting_table":2,"minecraft:magma_block":7,"minecraft:salmon":14,"minecraft:andesite":40,"minecraft:birch_planks":201,"minecraft:gunpowder":1,"minecraft:dirt":9,"minecraft:string":3,"minecraft:raw_copper":9,"minecraft:iron_axe":1,"minecraft:flint_and_steel":2,"minecraft:cooked_mutton":2,"minecraft:bone":16,"minecraft:bow":5,"minecraft:wheat_seeds":1,"minecraft:cobbled_deepslate":163,"minecraft:raw_gold":6,"minecraft:iron_ingot":2,"minecraft:cooked_chicken":4,"minecraft:rose_bush":1,"minecraft:iron_pickaxe":2,"minecraft:chest":1,"minecraft:birch_sapling":80,"minecraft:egg":3,"minecraft:stick":100,"minecraft:raw_iron":104,"minecraft:torch":64,"minecraft:gravel":6,"minecraft:diorite":45,"minecraft:spider_eye":3,"minecraft:arrow":12,"minecraft:rotten_flesh":9,"minecraft:diamond":23,"minecraft:stone_axe":2,"minecraft:granite":51,"minecraft:coal":38,"minecraft:white_wool":2,"minecraft:cobblestone":498},"minecraft:custom":{"minecraft:interact_with_furnace":7,"minecraft:mob_kills":31,"minecraft:interact_with_crafting_table":15,"minecraft:leave_game":2,"minecraft:time_since_death":19756,"minecraft:time_since_rest":19760,"minecraft:sprint_one_cm":126477,"minecraft:damage_taken":1040,"minecraft:walk_one_cm":92390,"minecraft:damage_dealt":3923,"minecraft:swim_one_cm":12876,"minecraft:fly_one_cm":85303,"minecraft:open_chest":5,"minecraft:crouch_one_cm":26034,"minecraft:play_time":63650,"minecraft:deaths":2,"minecraft:sneak_time":12802,"minecraft:walk_under_water_one_cm":5927,"minecraft:jump":749,"minecraft:walk_on_water_one_cm":9536,"minecraft:total_world_time":63650,"minecraft:fall_one_cm":11839},"minecraft:mined":{"minecraft:deepslate_diamond_ore":23,"minecraft:crafting_table":2,"minecraft:granite":51,"minecraft:short_grass":5,"minecraft:grass_block":3,"minecraft:chest":1,"minecraft:rose_bush":2,"minecraft:copper_ore":3,"minecraft:cobblestone":4,"minecraft:deepslate_gold_ore":6,"minecraft:diorite":47,"minecraft:birch_planks":2,"minecraft:magma_block":7,"minecraft:birch_log":240,"minecraft:iron_ore":95,"minecraft:fire":34,"minecraft:andesite":40,"minecraft:birch_leaves":3,"minecraft:coal_ore":22,"minecraft:deepslate_iron_ore":10,"minecraft:gravel":7,"minecraft:dirt":6,"minecraft:stone":366,"minecraft:deepslate":163},"minecraft:broken":{"minecraft:stone_pickaxe":1,"minecraft:iron_axe":1,"minecraft:iron_pickaxe":2},"minecraft:killed":{"minecraft:salmon":7,"minecraft:spider":1,"minecraft:creeper":3,"minecraft:sheep":2,"minecraft:skeleton":7,"minecraft:zombie":8,"minecraft:chicken":3},"minecraft:used":{"minecraft:cooked_mutton":2,"minecraft:diorite":9,"minecraft:flint_and_steel":10,"minecraft:birch_planks":24,"minecraft:stone_pickaxe":130,"minecraft:chest":4,"minecraft:wooden_pickaxe":29,"minecraft:cooked_chicken":4,"minecraft:dirt":1,"minecraft:crafting_table":4,"minecraft:golden_shovel":4,"minecraft:granite":2,"minecraft:obsidian":1,"minecraft:diamond_pickaxe":10,"minecraft:iron_axe":240,"minecraft:iron_pickaxe":683,"minecraft:gravel":6,"minecraft:stone_axe":69,"minecraft:cobblestone":12,"minecraft:furnace":1,"minecraft:cooked_porkchop":2},"minecraft:killed_by":{"minecraft:skeleton":1}},"DataVersion":3953}