{"stats":{"minecraft:crafted":{"minecraft:diamond_sword":1,"minecraft:diamond_axe":1,"minecraft:crafting_table":3,"minecraft:iron_helmet":1,"minecraft:wooden_pickaxe":1,"minecraft:furnace":9,"minecraft:diamond_shovel":1,"minecraft:bone_meal":30,"minecraft:bucket":2,"minecraft:birch_planks":184,"minecraft:stone_axe":1,"minecraft:air":0,"minecraft:wooden_hoe":1,"minecraft:iron_boots":1,"minecraft:iron_chestplate":1,"minecraft:diamond_pickaxe":1,"minecraft:iron_axe":2,"minecraft:stick":44,"minecraft:iron_ingot":107,"minecraft:iron_pickaxe":3,"minecraft:stone_pickaxe":1,"minecraft:chest":3,"minecraft:iron_leggings":1,"minecraft:torch":32},"minecraft:picked_up":{"minecraft:birch_log":814,"minecraft:crafting_table":3,"minecraft:magma_block":7,"minecraft:wheat":6,"minecraft:salmon":14,"minecraft:andesite":40,"minecraft:birch_planks":202,"minecraft:gunpowder":3,"minecraft:dirt":69,"minecraft:string":4,"minecraft:raw_copper":9,"minecraft:iron_axe":1,"minecraft:flint_and_steel":2,"minecraft:cooked_mutton":2,"minecraft:bone":18,"minecraft:bow":5,"minecraft:wheat_seeds":16,"minecraft:cobbled_deepslate":163,"minecraft:raw_gold":6,"minecraft:iron_ingot":2,"minecraft:cooked_chicken":4,"minecraft:rose_bush":1,"minecraft:iron_pickaxe":2,"minecraft:sugar_cane":3,"minecraft:chest":1,"minecraft:birch_sapling":96,"minecraft:furnace":1,"minecraft:egg":3,"minecraft:stick":115,"minecraft:raw_iron":107,"minecraft:cooked_porkchop":3,"minecraft:stone_brick_slab":1,"minecraft:torch":64,"minecraft:gravel":6,"minecraft:diorite":47,"minecraft:grass_block":1,"minecraft:spider_eye":4,"minecraft:arrow":13,"minecraft:rotten_flesh":17,"minecraft:diamond":23,"minecraft:stone_axe":2,"minecraft:granite":69,"minecraft:obsidian":5,"minecraft:coal":48,"minecraft:white_wool":2,"minecraft:cobblestone":506},"minecraft:custom":{"minecraft:interact_with_furnace":21,"minecraft:mob_kills":49,"minecraft:animals_bred":1,"minecraft:interact_with_crafting_table":21,"minecraft:leave_game":2,"minecraft:time_since_death":55756,"minecraft:time_since_rest":55760,"minecraft:sprint_one_cm":255437,"minecraft:damage_taken":1365,"minecraft:walk_one_cm":150902,"minecraft:damage_dealt":7808,"minecraft:swim_one_cm":12876,"minecraft:fly_one_cm":169089,"minecraft:open_chest":24,"minecraft:crouch_one_cm":33562,"minecraft:play_time":99650,"minecraft:deaths":2,"minecraft:sneak_time":14956,"minecraft:walk_under_water_one_cm":7847,"minecraft:jump":1402,"minecraft:walk_on_water_one_cm":15147,"minecraft:total_world_time":99650,"minecraft:fall_one_cm":23545},"minecraft:mined":{"minecraft:deepslate_diamond_ore":23,"minecraft:stone_brick_slab":1,"minecraft:obsidian":5,"minecraft:crafting_table":3,"minecraft:granite":70,"minecraft:short_grass":11,"minecraft:grass_block":29,"minecraft:chest":1,"minecraft:rose_bush":2,"minecraft:copper_ore":3,"minecraft:cobblestone":4,"minecraft:deepslate_gold_ore":6,"minecraft:sugar_cane":2,"minecraft:diorite":49,"minecraft:birch_planks":3,"minecraft:magma_block":7,"minecraft:furnace":1,"minecraft:wheat":6,"minecraft:birch_log":519,"minecraft:iron_ore":98,"minecraft:fire":39,"minecraft:andesite":40,"minecraft:birch_leaves":7,"minecraft:coal_ore":32,"minecraft:deepslate_iron_ore":10,"minecraft:gravel":7,"minecraft:dirt":40,"minecraft:stone":367,"minecraft:deepslate":163},"minecraft:broken":{"minecraft:stone_pickaxe":1,"minecraft:iron_axe":1,"minecraft:iron_pickaxe":2},"minecraft:killed":{"minecraft:salmon":7,"minecraft:spider":4,"minecraft:creeper":5,"minecraft:sheep":2,"minecraft:skeleton":9,"minecraft:zombie":16,"minecraft:chicken":3,"minecraft:enderman":2},"minecraft:used":{"minecraft:wheat_seeds":6,"minecraft:cooked_mutton":2,"minecraft:water_bucket":6,"minecraft:diorite":10,"minecraft:flint_and_steel":17,"minecraft:birch_planks":26,"minecraft:stone_pickaxe":130,"minecraft:chest":4,"minecraft:wooden_pickaxe":29,"minecraft:sugar_cane":3,"minecraft:diamond_axe":289,"minecraft:cooked_chicken":4,"minecraft:dirt":1,"minecraft:crafting_table":4,"minecraft:golden_shovel":4,"minecraft:granite":21,"minecraft:obsidian":1,"minecraft:wooden_hoe":8,"minecraft:diamond_pickaxe":17,"minecraft:lava_bucket":3,"minecraft:diamond_shovel":46,"minecraft:iron_axe":244,"minecraft:iron_pickaxe":719,"minecraft:gravel":6,"minecraft:stone_axe":69,"minecraft:diamond_sword":50,"minecraft:cobblestone":12,"minecraft:furnace":10,"minecraft:cooked_porkchop":10,"minecraft:bucket":10,"minecraft:bone_meal":13},"minecraft:killed_by":{"minecraft:skeleton":1}},"DataVersion":3953}