{"stats":{"minecraft:broken":{"minecraft:stone_pickaxe":1,"minecraft:iron_axe":1,"minecraft:iron_pickaxe":2},"minecraft:mined":{"minecraft:nether_gold_ore":24,"minecraft:deepslate_diamond_ore":23,"minecraft:obsidian":12,"minecraft:granite":71,"minecraft:grass_block":501,"minecraft:birch_slab":4,"minecraft:magma_block":55,"minecraft:furnace":12,"minecraft:iron_ore":114,"minecraft:fire":57,"minecraft:andesite":40,"minecraft:deepslate_iron_ore":10,"minecraft:shroomlight":1,"minecraft:warped_stem":7,"minecraft:stone":369,"minecraft:brown_mushroom":3,"minecraft:soul_sand":28,"minecraft:snow_block":22,"minecraft:crimson_nylium":1,"minecraft:stone_brick_slab":1,"minecraft:powder_snow":15,"minecraft:crafting_table":4,"minecraft:short_grass":28,"minecraft:emerald_ore":1,"minecraft:chest":5,"minecraft:rose_bush":9,"minecraft:nether_quartz_ore":82,"minecraft:copper_ore":3,"minecraft:cobblestone":4,"minecraft:lapis_ore":4,"minecraft:deepslate_gold_ore":6,"minecraft:sugar_cane":55,"minecraft:diorite":49,"minecraft:warped_wart_block":2,"minecraft:birch_planks":26,"minecraft:warped_nylium":5,"minecraft:birch_log":519,"minecraft:wheat":20,"minecraft:birch_leaves":7,"minecraft:warped_fungus":1,"minecraft:oak_log":11,"minecraft:coal_ore":34,"minecraft:gravel":10,"minecraft:dirt":203,"minecraft:netherrack":639,"minecraft:ancient_debris":1,"minecraft:oak_leaves":62,"minecraft:deepslate":163},"minecraft:killed_by":{"minecraft:skeleton":1},"minecraft:custom":{"minecraft:mob_kills":159,"minecraft:animals_bred":8,"minecraft:interact_with_crafting_table":38,"minecraft:leave_game":6,"minecraft:time_since_death":178948,"minecraft:climb_one_cm":42,"minecraft:sprint_one_cm":640102,"minecraft:walk_one_cm":348107,"minecraft:drop":21,"minecraft:talked_to_villager":1,"minecraft:play_time":222842,"minecraft:deaths":2,"minecraft:sneak_time":40032,"minecraft:walk_under_water_one_cm":10096,"minecraft:boat_one_cm":136948,"minecraft:jump":4272,"minecraft:walk_on_water_one_cm":19060,"minecraft:total_world_time":222842,"minecraft:interact_with_furnace":33,"minecraft:sleep_in_bed":1,"minecraft:time_since_rest":22131,"minecraft:damage_taken":4722,"minecraft:damage_dealt":27603,"minecraft:swim_one_cm":20889,"minecraft:fly_one_cm":671662,"minecraft:open_chest":113,"minecraft:crouch_one_cm":163408,"minecraft:fall_one_cm":91441},"minecraft:used":{"minecraft:enchanting_table":1,"minecraft:flint_and_steel":23,"minecraft:chest":12,"minecraft:cooked_chicken":4,"minecraft:netherrack":500,"minecraft:torch":33,"minecraft:dirt":43,"minecraft:golden_shovel":4,"minecraft:granite":22,"minecraft:obsidian":1,"minecraft:lava_bucket":3,"minecraft:bookshelf":1,"minecraft:iron_axe":244,"minecraft:furnace":20,"minecraft:wheat_seeds":56,"minecraft:cooked_mutton":2,"minecraft:water_bucket":6,"minecraft:diorite":10,"minecraft:birch_planks":26,"minecraft:stone_pickaxe":130,"minecraft:wooden_pickaxe":29,"minecraft:birch_boat":4,"minecraft:sugar_cane":54,"minecraft:diamond_axe":408,"minecraft:crafting_table":5,"minecraft:white_bed":1,"minecraft:wooden_hoe":36,"minecraft:diamond_pickaxe":868,"minecraft:diamond_shovel":752,"minecraft:birch_slab":214,"minecraft:iron_pickaxe":719,"minecraft:gravel":6,"minecraft:stone_axe":69,"minecraft:diamond_sword":396,"minecraft:cobblestone":12,"minecraft:cooked_porkchop":56,"minecraft:bucket":10,"minecraft:bone_meal":54},"minecraft:dropped":{"minecraft:rose_bush":7,"minecraft:gold_ingot":17,"minecraft:diamond_sword":2,"minecraft:gunpowder":2},"minecraft:crafted":{"minecraft:blaze_powder":2,"minecraft:birch_boat":3,"minecraft:birch_slab":252,"minecraft:furnace":9,"minecraft:bone_meal":57,"minecraft:diamond_shovel":1,"minecraft:bookshelf":1,"minecraft:iron_boots":1,"minecraft:iron_axe":2,"minecraft:stone_pickaxe":1,"minecraft:chest":11,"minecraft:ender_eye":1,"minecraft:cooked_beef":2,"minecraft:diamond_sword":1,"minecraft:diamond_axe":1,"minecraft:crafting_table":3,"minecraft:enchanting_table":1,"minecraft:wooden_pickaxe":1,"minecraft:iron_helmet":2,"minecraft:birch_planks":364,"minecraft:bucket":2,"minecraft:stone_axe":1,"minecraft:air":0,"minecraft:wooden_hoe":1,"minecraft:iron_chestplate":2,"minecraft:book":6,"minecraft:paper":18,"minecraft:diamond_pickaxe":1,"minecraft:stick":44,"minecraft:iron_ingot":107,"minecraft:iron_pickaxe":3,"minecraft:iron_leggings":2,"minecraft:gold_ingot":13,"minecraft:white_bed":1,"minecraft:torch":32},"minecraft:picked_up":{"minecraft:crafting_table":4,"minecraft:wheat":20,"minecraft:brown_mushroom":3,"minecraft:lead":2,"minecraft:diamond_sword":2,"minecraft:wooden_pickaxe":1,"minecraft:string":13,"minecraft:raw_copper":18,"minecraft:iron_axe":2,"minecraft:flint_and_steel":2,"minecraft:shroomlight":1,"minecraft:blackstone":10,"minecraft:gold_nugget":98,"minecraft:cobbled_deepslate":326,"minecraft:bucket":1,"minecraft:beef":35,"minecraft:rose_bush":20,"minecraft:iron_pickaxe":3,"minecraft:sugar_cane":72,"minecraft:chest":5,"minecraft:birch_sapling":169,"minecraft:egg":6,"minecraft:iron_boots":1,"minecraft:furnace":12,"minecraft:stick":119,"minecraft:raw_iron":123,"minecraft:torch":67,"minecraft:fire_charge":2,"minecraft:porkchop":2,"minecraft:diorite":84,"minecraft:arrow":35,"minecraft:rotten_flesh":57,"minecraft:gold_ingot":4,"minecraft:blaze_rod":9,"minecraft:obsidian":14,"minecraft:mutton":12,"minecraft:snowball":88,"minecraft:white_wool":10,"minecraft:cobblestone":796,"minecraft:birch_log":1049,"minecraft:magma_block":59,"minecraft:birch_slab":6,"minecraft:andesite":80,"minecraft:salmon":21,"minecraft:leather":20,"minecraft:birch_planks":257,"minecraft:flint":1,"minecraft:oak_log":11,"minecraft:ancient_debris":1,"minecraft:gunpowder":10,"minecraft:lapis_lazuli":22,"minecraft:dirt":724,"minecraft:cooked_mutton":2,"minecraft:bone":31,"minecraft:apple":1,"minecraft:bow":8,"minecraft:wheat_seeds":62,"minecraft:raw_gold":12,"minecraft:warped_stem":7,"minecraft:iron_ingot":2,"minecraft:cooked_chicken":4,"minecraft:soul_sand":28,"minecraft:cooked_porkchop":8,"minecraft:birch_boat":1,"minecraft:warped_wart_block":2,"minecraft:stone_brick_slab":2,"minecraft:quartz":90,"minecraft:gravel":43,"minecraft:grass_block":3,"minecraft:spectral_arrow":21,"minecraft:spider_eye":7,"minecraft:diamond":37,"minecraft:stone_axe":3,"minecraft:granite":84,"minecraft:gray_wool":1,"minecraft:emerald":1,"minecraft:coal":59,"minecraft:warped_nylium":2,"minecraft:netherrack":631,"minecraft:ender_pearl":2},"minecraft:killed":{"minecraft:bogged":3,"minecraft:spider":11,"minecraft:phantom":1,"minecraft:skeleton":21,"minecraft:chicken":3,"minecraft:drowned":2,"minecraft:piglin":5,"minecraft:pig":4,"minecraft:zombie_villager":1,"minecraft:salmon":7,"minecraft:wandering_trader":1,"minecraft:creeper":8,"minecraft:sheep":9,"minecraft:trader_llama":2,"minecraft:zombie":37,"minecraft:blaze":22,"minecraft:cow":15,"minecraft:enderman":5}},"DataVersion":3953}