{"stats":{"minecraft:broken":{"minecraft:shears":5,"minecraft:stone_pickaxe":1,"minecraft:iron_axe":1,"minecraft:iron_pickaxe":2},"minecraft:mined":{"minecraft:nether_gold_ore":44,"minecraft:diamond_ore":4,"minecraft:tuff":31,"minecraft:deepslate_diamond_ore":38,"minecraft:obsidian":12,"minecraft:granite":104,"minecraft:grass_block":616,"minecraft:birch_slab":4,"minecraft:spruce_leaves":1,"minecraft:spawner":1,"minecraft:magma_block":55,"minecraft:furnace":12,"minecraft:iron_ore":211,"minecraft:fire":57,"minecraft:andesite":74,"minecraft:deepslate_lapis_ore":4,"minecraft:bookshelf":48,"minecraft:deepslate_iron_ore":18,"minecraft:shroomlight":1,"minecraft:warped_stem":7,"minecraft:stone":835,"minecraft:deepslate_redstone_ore":6,"minecraft:brown_mushroom":3,"minecraft:soul_sand":28,"minecraft:snow_block":22,"minecraft:crimson_nylium":1,"minecraft:stone_brick_slab":1,"minecraft:powder_snow":15,"minecraft:crafting_table":4,"minecraft:torch":1,"minecraft:short_grass":28,"minecraft:emerald_ore":1,"minecraft:chest":5,"minecraft:rose_bush":9,"minecraft:tall_grass":1,"minecraft:nether_quartz_ore":99,"minecraft:copper_ore":7,"minecraft:cobblestone":4,"minecraft:deepslate_gold_ore":6,"minecraft:lapis_ore":11,"minecraft:sugar_cane":111,"minecraft:diorite":51,"minecraft:iron_door":9,"minecraft:warped_wart_block":2,"minecraft:birch_planks":26,"minecraft:warped_nylium":6,"minecraft:birch_log":534,"minecraft:wheat":33,"minecraft:birch_leaves":1196,"minecraft:warped_fungus":1,"minecraft:oak_log":11,"minecraft:coal_ore":109,"minecraft:gravel":36,"minecraft:dirt":232,"minecraft:cobweb":8,"minecraft:cracked_stone_bricks":2,"minecraft:ancient_debris":1,"minecraft:stone_bricks":2,"minecraft:netherrack":1799,"minecraft:mossy_stone_bricks":1,"minecraft:deepslate":339,"minecraft:oak_leaves":62},"minecraft:killed_by":{"minecraft:skeleton":1},"minecraft:custom":{"minecraft:mob_kills":177,"minecraft:animals_bred":10,"minecraft:interact_with_crafting_table":48,"minecraft:leave_game":9,"minecraft:time_since_death":256787,"minecraft:climb_one_cm":422,"minecraft:sprint_one_cm":785884,"minecraft:walk_one_cm":530123,"minecraft:drop":33,"minecraft:talked_to_villager":1,"minecraft:play_time":300681,"minecraft:sneak_time":54712,"minecraft:deaths":2,"minecraft:walk_under_water_one_cm":10096,"minecraft:boat_one_cm":136948,"minecraft:jump":5208,"minecraft:walk_on_water_one_cm":20330,"minecraft:enchant_item":7,"minecraft:total_world_time":300681,"minecraft:interact_with_furnace":75,"minecraft:sleep_in_bed":1,"minecraft:time_since_rest":99970,"minecraft:damage_taken":5006,"minecraft:damage_dealt":30740,"minecraft:swim_one_cm":20889,"minecraft:fly_one_cm":776578,"minecraft:open_chest":206,"minecraft:crouch_one_cm":222140,"minecraft:fall_one_cm":113244},"minecraft:used":{"minecraft:enchanting_table":1,"minecraft:flint_and_steel":23,"minecraft:chest":16,"minecraft:cooked_chicken":4,"minecraft:netherrack":747,"minecraft:torch":40,"minecraft:dirt":96,"minecraft:golden_shovel":4,"minecraft:snowball":4,"minecraft:granite":22,"minecraft:obsidian":11,"minecraft:lava_bucket":3,"minecraft:bookshelf":16,"minecraft:iron_axe":244,"minecraft:furnace":20,"minecraft:cooked_beef":1,"minecraft:cooked_mutton":2,"minecraft:wheat_seeds":69,"minecraft:water_bucket":6,"minecraft:diorite":10,"minecraft:birch_planks":26,"minecraft:stone_pickaxe":130,"minecraft:wooden_pickaxe":29,"minecraft:birch_boat":4,"minecraft:sugar_cane":95,"minecraft:diamond_axe":475,"minecraft:cracked_stone_bricks":1,"minecraft:crafting_table":5,"minecraft:white_bed":1,"minecraft:shears":1189,"minecraft:wooden_hoe":36,"minecraft:ender_eye":1,"minecraft:diamond_pickaxe":3048,"minecraft:diamond_shovel":924,"minecraft:birch_slab":214,"minecraft:iron_pickaxe":719,"minecraft:gravel":6,"minecraft:stone_axe":69,"minecraft:fire_charge":1,"minecraft:diamond_sword":471,"minecraft:cobblestone":12,"minecraft:cooked_porkchop":63,"minecraft:bucket":18,"minecraft:bone_meal":54},"minecraft:dropped":{"minecraft:rose_bush":7,"minecraft:snowball":128,"minecraft:gold_ingot":17,"minecraft:rotten_flesh":4,"minecraft:diamond_sword":3,"minecraft:gunpowder":2,"minecraft:golden_sword":1,"minecraft:arrow":2},"minecraft:crafted":{"minecraft:blaze_powder":2,"minecraft:birch_boat":3,"minecraft:birch_slab":252,"minecraft:furnace":9,"minecraft:bone_meal":57,"minecraft:diamond_shovel":2,"minecraft:bookshelf":22,"minecraft:diamond_helmet":1,"minecraft:diamond_leggings":1,"minecraft:iron_boots":1,"minecraft:iron_axe":2,"minecraft:stone_pickaxe":1,"minecraft:chest":11,"minecraft:diamond_boots":1,"minecraft:ender_eye":1,"minecraft:cooked_beef":16,"minecraft:diamond_sword":1,"minecraft:cooked_porkchop":2,"minecraft:diamond_axe":1,"minecraft:crafting_table":3,"minecraft:enchanting_table":1,"minecraft:wooden_pickaxe":1,"minecraft:iron_helmet":2,"minecraft:cooked_salmon":7,"minecraft:bucket":10,"minecraft:birch_planks":620,"minecraft:stone_axe":1,"minecraft:air":0,"minecraft:wooden_hoe":1,"minecraft:iron_chestplate":2,"minecraft:book":6,"minecraft:paper":18,"minecraft:diamond_pickaxe":3,"minecraft:stick":44,"minecraft:iron_ingot":318,"minecraft:iron_pickaxe":3,"minecraft:iron_leggings":2,"minecraft:gold_ingot":13,"minecraft:white_bed":1,"minecraft:torch":32,"minecraft:shears":5,"minecraft:diamond_chestplate":1},"minecraft:picked_up":{"minecraft:crafting_table":4,"minecraft:wheat":32,"minecraft:brown_mushroom":3,"minecraft:lead":2,"minecraft:diamond_sword":3,"minecraft:wooden_pickaxe":1,"minecraft:string":20,"minecraft:raw_copper":34,"minecraft:iron_axe":2,"minecraft:flint_and_steel":2,"minecraft:blackstone":10,"minecraft:shroomlight":1,"minecraft:cracked_stone_bricks":1,"minecraft:gold_nugget":163,"minecraft:cobbled_deepslate":454,"minecraft:bucket":1,"minecraft:beef":35,"minecraft:rose_bush":20,"minecraft:iron_pickaxe":3,"minecraft:sugar_cane":147,"minecraft:chest":5,"minecraft:birch_sapling":169,"minecraft:furnace":12,"minecraft:iron_boots":1,"minecraft:egg":6,"minecraft:stick":119,"minecraft:raw_iron":332,"minecraft:torch":74,"minecraft:fire_charge":2,"minecraft:porkchop":2,"minecraft:diorite":84,"minecraft:redstone":35,"minecraft:arrow":36,"minecraft:rotten_flesh":62,"minecraft:gold_ingot":4,"minecraft:blaze_rod":9,"minecraft:obsidian":14,"minecraft:mutton":12,"minecraft:snowball":120,"minecraft:white_wool":10,"minecraft:cobblestone":1262,"minecraft:birch_log":1064,"minecraft:magma_block":59,"minecraft:birch_leaves":1166,"minecraft:iron_door":7,"minecraft:andesite":114,"minecraft:birch_slab":6,"minecraft:salmon":21,"minecraft:leather":20,"minecraft:birch_planks":257,"minecraft:flint":3,"minecraft:tuff":9,"minecraft:oak_log":11,"minecraft:ancient_debris":1,"minecraft:gunpowder":12,"minecraft:lapis_lazuli":168,"minecraft:dirt":868,"minecraft:cooked_mutton":2,"minecraft:bone":31,"minecraft:apple":1,"minecraft:stone_bricks":2,"minecraft:bow":8,"minecraft:wheat_seeds":97,"minecraft:raw_gold":12,"minecraft:warped_stem":7,"minecraft:iron_ingot":2,"minecraft:cooked_chicken":4,"minecraft:soul_sand":28,"minecraft:book":141,"minecraft:cooked_porkchop":8,"minecraft:birch_boat":1,"minecraft:warped_wart_block":2,"minecraft:stone_brick_slab":2,"minecraft:quartz":114,"minecraft:gravel":65,"minecraft:grass_block":3,"minecraft:spectral_arrow":21,"minecraft:spider_eye":8,"minecraft:diamond":73,"minecraft:stone_axe":3,"minecraft:short_grass":2,"minecraft:granite":117,"minecraft:gray_wool":1,"minecraft:warped_roots":1,"minecraft:emerald":1,"minecraft:warped_nylium":2,"minecraft:netherrack":1694,"minecraft:coal":224,"minecraft:ender_pearl":2},"minecraft:killed":{"minecraft:bogged":3,"minecraft:spider":13,"minecraft:phantom":1,"minecraft:skeleton":23,"minecraft:chicken":3,"minecraft:silverfish":3,"minecraft:drowned":2,"minecraft:piglin":5,"minecraft:pig":4,"minecraft:zombie_villager":1,"minecraft:salmon":7,"minecraft:wandering_trader":1,"minecraft:creeper":9,"minecraft:sheep":9,"minecraft:trader_llama":2,"minecraft:zombie":47,"minecraft:enderman":5,"minecraft:blaze":22,"minecraft:cow":15}},"DataVersion":3953}