{"stats":{"minecraft:crafted":{"minecraft:crafting_table":1,"minecraft:stick":8,"minecraft:wooden_pickaxe":1,"minecraft:stone_pickaxe":1,"minecraft:torch":4,"minecraft:birch_planks":176,"minecraft:stone_axe":1},"minecraft:picked_up":{"minecraft:birch_log":44,"minecraft:stick":2,"minecraft:crafting_table":1,"minecraft:andesite":2,"minecraft:birch_planks":1,"minecraft:dirt":9,"minecraft:cooked_mutton":2,"minecraft:wheat_seeds":1,"minecraft:granite":10,"minecraft:cooked_chicken":4,"minecraft:birch_sapling":9,"minecraft:coal":5,"minecraft:white_wool":2,"minecraft:cobblestone":29,"minecraft:egg":3},"minecraft:custom":{"minecraft:time_since_rest":16630,"minecraft:sprint_one_cm":44838,"minecraft:damage_taken":100,"minecraft:walk_one_cm":29791,"minecraft:mob_kills":6,"minecraft:damage_dealt":370,"minecraft:interact_with_crafting_table":5,"minecraft:swim_one_cm":7496,"minecraft:fly_one_cm":45874,"minecraft:open_chest":1,"minecraft:crouch_one_cm":5324,"minecraft:play_time":16630,"minecraft:sneak_time":2355,"minecraft:walk_under_water_one_cm":1772,"minecraft:jump":307,"minecraft:leave_game":1,"minecraft:walk_on_water_one_cm":3607,"minecraft:time_since_death":16630,"minecraft:total_world_time":16630,"minecraft:fall_one_cm":5173},"minecraft:mined":{"minecraft:birch_planks":2,"minecraft:birch_log":45,"minecraft:fire":31,"minecraft:andesite":2,"minecraft:birch_leaves":1,"minecraft:crafting_table":1,"minecraft:granite":10,"minecraft:short_grass":3,"minecraft:grass_block":3,"minecraft:coal_ore":5,"minecraft:dirt":6,"minecraft:stone":29},"minecraft:killed":{"minecraft:sheep":2,"minecraft:chicken":3,"minecraft:creeper":1},"minecraft:used":{"minecraft:cooked_mutton":2,"minecraft:flint_and_steel":7,"minecraft:birch_planks":24,"minecraft:stone_pickaxe":26,"minecraft:wooden_pickaxe":29,"minecraft:cooked_chicken":1,"minecraft:stone_axe":58,"minecraft:dirt":1,"minecraft:crafting_table":2,"minecraft:obsidian":1}},"DataVersion":3953}