{"stats":{"minecraft:crafted":{"minecraft:crafting_table":2,"minecraft:wooden_pickaxe":1,"minecraft:furnace":1,"minecraft:birch_planks":180,"minecraft:stone_axe":1,"minecraft:air":0,"minecraft:iron_axe":2,"minecraft:stick":44,"minecraft:iron_ingot":39,"minecraft:iron_pickaxe":2,"minecraft:stone_pickaxe":1,"minecraft:chest":3,"minecraft:torch":32},"minecraft:picked_up":{"minecraft:birch_log":535,"minecraft:crafting_table":1,"minecraft:magma_block":7,"minecraft:salmon":14,"minecraft:andesite":23,"minecraft:birch_planks":201,"minecraft:dirt":9,"minecraft:string":3,"minecraft:raw_copper":9,"minecraft:iron_axe":1,"minecraft:flint_and_steel":2,"minecraft:cooked_mutton":2,"minecraft:bone":15,"minecraft:bow":5,"minecraft:wheat_seeds":1,"minecraft:cobbled_deepslate":123,"minecraft:raw_gold":6,"minecraft:iron_ingot":2,"minecraft:cooked_chicken":4,"minecraft:rose_bush":1,"minecraft:iron_pickaxe":2,"minecraft:chest":1,"minecraft:birch_sapling":80,"minecraft:egg":3,"minecraft:stick":100,"minecraft:raw_iron":47,"minecraft:torch":64,"minecraft:gravel":6,"minecraft:diorite":29,"minecraft:spider_eye":3,"minecraft:arrow":10,"minecraft:rotten_flesh":9,"minecraft:diamond":7,"minecraft:stone_axe":2,"minecraft:granite":34,"minecraft:coal":38,"minecraft:white_wool":2,"minecraft:cobblestone":436},"minecraft:custom":{"minecraft:interact_with_furnace":7,"minecraft:mob_kills":30,"minecraft:interact_with_crafting_table":13,"minecraft:leave_game":2,"minecraft:time_since_death":7756,"minecraft:time_since_rest":7760,"minecraft:sprint_one_cm":111681,"minecraft:damage_taken":1005,"minecraft:walk_one_cm":77071,"minecraft:damage_dealt":3723,"minecraft:swim_one_cm":12876,"minecraft:fly_one_cm":79416,"minecraft:open_chest":5,"minecraft:crouch_one_cm":20526,"minecraft:play_time":51650,"minecraft:deaths":2,"minecraft:sneak_time":10229,"minecraft:walk_under_water_one_cm":5927,"minecraft:jump":608,"minecraft:walk_on_water_one_cm":9536,"minecraft:total_world_time":51650,"minecraft:fall_one_cm":11504},"minecraft:mined":{"minecraft:deepslate_diamond_ore":7,"minecraft:crafting_table":1,"minecraft:granite":34,"minecraft:short_grass":5,"minecraft:grass_block":3,"minecraft:chest":1,"minecraft:rose_bush":2,"minecraft:copper_ore":3,"minecraft:cobblestone":4,"minecraft:deepslate_gold_ore":6,"minecraft:diorite":31,"minecraft:birch_planks":2,"minecraft:magma_block":7,"minecraft:birch_log":240,"minecraft:iron_ore":39,"minecraft:fire":33,"minecraft:andesite":23,"minecraft:birch_leaves":3,"minecraft:coal_ore":22,"minecraft:deepslate_iron_ore":8,"minecraft:gravel":7,"minecraft:dirt":6,"minecraft:stone":304,"minecraft:deepslate":123},"minecraft:broken":{"minecraft:stone_pickaxe":1,"minecraft:iron_axe":1,"minecraft:iron_pickaxe":1},"minecraft:killed":{"minecraft:salmon":7,"minecraft:spider":1,"minecraft:creeper":3,"minecraft:sheep":2,"minecraft:skeleton":6,"minecraft:zombie":8,"minecraft:chicken":3},"minecraft:used":{"minecraft:cooked_mutton":2,"minecraft:diorite":5,"minecraft:flint_and_steel":9,"minecraft:birch_planks":24,"minecraft:stone_pickaxe":130,"minecraft:chest":4,"minecraft:wooden_pickaxe":29,"minecraft:cooked_chicken":4,"minecraft:dirt":1,"minecraft:crafting_table":3,"minecraft:golden_shovel":4,"minecraft:obsidian":1,"minecraft:iron_axe":236,"minecraft:iron_pickaxe":466,"minecraft:gravel":6,"minecraft:stone_axe":69,"minecraft:cobblestone":12,"minecraft:furnace":1},"minecraft:killed_by":{"minecraft:skeleton":1}},"DataVersion":3953}