{"stats":{"minecraft:broken":{"minecraft:iron_pickaxe":1},"minecraft:mined":{"minecraft:birch_log":11,"minecraft:iron_ore":2,"minecraft:dirt":2,"minecraft:stone":27,"minecraft:diorite":17},"minecraft:killed_by":{"minecraft:zombie":1,"minecraft:enderman":3},"minecraft:used":{"minecraft:cooked_mutton":3,"minecraft:wooden_axe":6,"minecraft:diorite":3,"minecraft:birch_planks":2,"minecraft:bread":1,"minecraft:iron_pickaxe":30,"minecraft:wooden_pickaxe":18,"minecraft:torch":11,"minecraft:wooden_sword":8,"minecraft:cobblestone":115,"minecraft:bow":6,"minecraft:cooked_beef":1},"minecraft:custom":{"minecraft:time_since_rest":2156,"minecraft:interact_with_furnace":7,"minecraft:sprint_one_cm":91112,"minecraft:damage_taken":1346,"minecraft:walk_one_cm":106287,"minecraft:mob_kills":2,"minecraft:drop":3,"minecraft:damage_dealt":524,"minecraft:interact_with_crafting_table":15,"minecraft:fly_one_cm":142674,"minecraft:open_chest":32,"minecraft:crouch_one_cm":3155,"minecraft:play_time":30185,"minecraft:deaths":4,"minecraft:sneak_time":669,"minecraft:walk_under_water_one_cm":871,"minecraft:jump":886,"minecraft:walk_on_water_one_cm":530,"minecraft:time_since_death":2122,"minecraft:total_world_time":30185,"minecraft:fall_one_cm":16985},"minecraft:dropped":{"minecraft:iron_chestplate":1,"minecraft:iron_pickaxe":1,"minecraft:birch_log":42},"minecraft:crafted":{"minecraft:wooden_sword":1,"minecraft:stick":32,"minecraft:wooden_pickaxe":2,"minecraft:iron_ingot":12,"minecraft:iron_pickaxe":4,"minecraft:wooden_axe":2,"minecraft:torch":44,"minecraft:birch_planks":44,"minecraft:air":0},"minecraft:picked_up":{"minecraft:wooden_axe":3,"minecraft:birch_log":53,"minecraft:iron_chestplate":3,"minecraft:stick":6,"minecraft:raw_iron":2,"minecraft:torch":35,"minecraft:wooden_pickaxe":4,"minecraft:birch_planks":15,"minecraft:diorite":17,"minecraft:spectral_arrow":16,"minecraft:dirt":18,"minecraft:wooden_sword":1,"minecraft:iron_leggings":1,"minecraft:cooked_mutton":1,"minecraft:arrow":7,"minecraft:bow":2,"minecraft:iron_helmet":1,"minecraft:warped_roots":2,"minecraft:bread":10,"minecraft:iron_pickaxe":6,"minecraft:netherrack":4,"minecraft:iron_boots":3,"minecraft:cobblestone":135,"minecraft:ender_pearl":2},"minecraft:killed":{"minecraft:zombie":1,"minecraft:enderman":1}},"DataVersion":3953}