{"stats":{"minecraft:broken":{"minecraft:iron_pickaxe":1},"minecraft:mined":{"minecraft:birch_log":11,"minecraft:iron_ore":2,"minecraft:dirt":2,"minecraft:stone":27,"minecraft:diorite":17},"minecraft:killed_by":{"minecraft:zombie":1},"minecraft:used":{"minecraft:cooked_mutton":1,"minecraft:wooden_axe":6,"minecraft:diorite":3,"minecraft:iron_pickaxe":30,"minecraft:wooden_pickaxe":18,"minecraft:torch":1,"minecraft:wooden_sword":6},"minecraft:custom":{"minecraft:time_since_rest":9306,"minecraft:interact_with_furnace":7,"minecraft:sprint_one_cm":18104,"minecraft:damage_taken":376,"minecraft:walk_one_cm":23293,"minecraft:mob_kills":1,"minecraft:damage_dealt":427,"minecraft:interact_with_crafting_table":14,"minecraft:fly_one_cm":37475,"minecraft:open_chest":22,"minecraft:play_time":12185,"minecraft:deaths":1,"minecraft:sneak_time":106,"minecraft:jump":217,"minecraft:time_since_death":9279,"minecraft:total_world_time":12185,"minecraft:fall_one_cm":7200},"minecraft:crafted":{"minecraft:wooden_sword":1,"minecraft:stick":32,"minecraft:wooden_pickaxe":2,"minecraft:iron_ingot":12,"minecraft:iron_pickaxe":4,"minecraft:wooden_axe":2,"minecraft:torch":44,"minecraft:birch_planks":44,"minecraft:air":0},"minecraft:picked_up":{"minecraft:birch_log":11,"minecraft:stick":2,"minecraft:raw_iron":2,"minecraft:wooden_pickaxe":1,"minecraft:birch_planks":15,"minecraft:diorite":17,"minecraft:dirt":18,"minecraft:cobblestone":27},"minecraft:killed":{"minecraft:zombie":1}},"DataVersion":3953}