{"stats":{"minecraft:broken":{"minecraft:wooden_sword":1,"minecraft:iron_pickaxe":1},"minecraft:mined":{"minecraft:end_stone":3,"minecraft:torch":1,"minecraft:short_grass":1,"minecraft:grass_block":3,"minecraft:diorite":18,"minecraft:birch_log":11,"minecraft:iron_ore":2,"minecraft:pumpkin":7,"minecraft:dirt":5,"minecraft:stone":27,"minecraft:netherrack":1},"minecraft:killed_by":{"minecraft:player":1,"minecraft:zombie":1,"minecraft:enderman":5},"minecraft:custom":{"minecraft:interact_with_furnace":15,"minecraft:mob_kills":7,"minecraft:interact_with_crafting_table":21,"minecraft:time_since_death":9688,"minecraft:time_since_rest":9721,"minecraft:sprint_one_cm":164144,"minecraft:damage_taken":2818,"minecraft:walk_one_cm":173100,"minecraft:drop":3,"minecraft:damage_dealt":3619,"minecraft:fly_one_cm":237286,"minecraft:open_chest":64,"minecraft:crouch_one_cm":10665,"minecraft:play_time":54185,"minecraft:deaths":7,"minecraft:sneak_time":2117,"minecraft:walk_under_water_one_cm":4111,"minecraft:jump":1454,"minecraft:walk_on_water_one_cm":1481,"minecraft:total_world_time":54185,"minecraft:fall_one_cm":29347},"minecraft:used":{"minecraft:cooked_mutton":5,"minecraft:diorite":4,"minecraft:stone_sword":14,"minecraft:birch_planks":2,"minecraft:ender_pearl":3,"minecraft:wooden_pickaxe":18,"minecraft:rotten_flesh":1,"minecraft:torch":14,"minecraft:dirt":6,"minecraft:end_stone":3,"minecraft:wooden_axe":6,"minecraft:wooden_hoe":6,"minecraft:bread":3,"minecraft:iron_pickaxe":53,"minecraft:wooden_sword":59,"minecraft:cobblestone":186,"minecraft:bow":6,"minecraft:birch_log":2,"minecraft:andesite":25,"minecraft:cooked_beef":5},"minecraft:dropped":{"minecraft:iron_chestplate":1,"minecraft:iron_pickaxe":1,"minecraft:birch_log":42},"minecraft:crafted":{"minecraft:cooked_beef":6,"minecraft:wooden_sword":1,"minecraft:wooden_pickaxe":2,"minecraft:birch_planks":44,"minecraft:cooked_mutton":4,"minecraft:air":0,"minecraft:stick":32,"minecraft:iron_ingot":12,"minecraft:iron_pickaxe":7,"minecraft:wooden_axe":2,"minecraft:stone_sword":3,"minecraft:torch":84},"minecraft:picked_up":{"minecraft:wooden_axe":3,"minecraft:birch_log":55,"minecraft:iron_chestplate":5,"minecraft:cooked_beef":2,"minecraft:andesite":25,"minecraft:wooden_pickaxe":7,"minecraft:birch_planks":15,"minecraft:dirt":24,"minecraft:wooden_sword":3,"minecraft:iron_leggings":1,"minecraft:cooked_mutton":1,"minecraft:bow":2,"minecraft:iron_pickaxe":8,"minecraft:iron_boots":6,"minecraft:egg":1,"minecraft:stick":14,"minecraft:raw_iron":2,"minecraft:end_stone":3,"minecraft:pumpkin":7,"minecraft:torch":71,"minecraft:porkchop":1,"minecraft:diorite":18,"minecraft:spectral_arrow":48,"minecraft:arrow":9,"minecraft:stone_axe":1,"minecraft:iron_helmet":2,"minecraft:bookshelf":12,"minecraft:bread":10,"minecraft:warped_roots":3,"minecraft:netherrack":5,"minecraft:cobblestone":289,"minecraft:ender_pearl":6},"minecraft:killed":{"minecraft:pig":1,"minecraft:zombie":1,"minecraft:enderman":5}},"DataVersion":3953}