{"stats":{"minecraft:broken":{"minecraft:wooden_sword":1,"minecraft:iron_pickaxe":4},"minecraft:mined":{"minecraft:flowering_azalea":1,"minecraft:end_stone":3,"minecraft:clay":2,"minecraft:glow_lichen":1,"minecraft:torch":5,"minecraft:granite":341,"minecraft:short_grass":12,"minecraft:grass_block":88,"minecraft:tall_grass":2,"minecraft:copper_ore":16,"minecraft:cobblestone":1,"minecraft:moss_block":44,"minecraft:diorite":68,"minecraft:wall_torch":4,"minecraft:redstone_ore":8,"minecraft:wheat":1,"minecraft:birch_log":11,"minecraft:iron_ore":36,"minecraft:andesite":81,"minecraft:moss_carpet":1,"minecraft:pumpkin":7,"minecraft:bee_nest":1,"minecraft:dirt_path":2,"minecraft:gravel":1,"minecraft:dirt":5,"minecraft:azalea":3,"minecraft:stone":194,"minecraft:netherrack":1,"minecraft:deepslate":4},"minecraft:killed_by":{"minecraft:player":1,"minecraft:creeper":1,"minecraft:zombie":1,"minecraft:enderman":5},"minecraft:custom":{"minecraft:interact_with_furnace":58,"minecraft:mob_kills":10,"minecraft:interact_with_crafting_table":26,"minecraft:time_since_death":2328,"minecraft:time_since_rest":2361,"minecraft:sprint_one_cm":285322,"minecraft:damage_taken":3751,"minecraft:walk_one_cm":298830,"minecraft:drop":3,"minecraft:damage_dealt":4236,"minecraft:fly_one_cm":377271,"minecraft:open_chest":105,"minecraft:crouch_one_cm":14066,"minecraft:play_time":102185,"minecraft:deaths":8,"minecraft:sneak_time":2693,"minecraft:walk_under_water_one_cm":7870,"minecraft:jump":2407,"minecraft:walk_on_water_one_cm":13065,"minecraft:total_world_time":102185,"minecraft:fall_one_cm":50094},"minecraft:used":{"minecraft:cooked_mutton":11,"minecraft:diorite":4,"minecraft:stone_sword":14,"minecraft:iron_shovel":83,"minecraft:birch_planks":2,"minecraft:ender_pearl":3,"minecraft:wooden_pickaxe":18,"minecraft:stone":14,"minecraft:netherrack":93,"minecraft:rotten_flesh":1,"minecraft:torch":58,"minecraft:dirt":7,"minecraft:granite":69,"minecraft:end_stone":3,"minecraft:wooden_axe":6,"minecraft:wooden_hoe":6,"minecraft:bread":3,"minecraft:iron_pickaxe":777,"minecraft:wooden_sword":59,"minecraft:cobblestone":242,"minecraft:bow":6,"minecraft:porkchop":1,"minecraft:birch_log":2,"minecraft:andesite":25,"minecraft:egg":4,"minecraft:cooked_beef":8},"minecraft:dropped":{"minecraft:iron_chestplate":1,"minecraft:iron_pickaxe":1,"minecraft:birch_log":42},"minecraft:crafted":{"minecraft:cooked_beef":6,"minecraft:wooden_sword":1,"minecraft:wooden_pickaxe":2,"minecraft:copper_ingot":48,"minecraft:stone":42,"minecraft:birch_planks":44,"minecraft:nether_brick":11,"minecraft:cooked_mutton":10,"minecraft:air":0,"minecraft:stick":32,"minecraft:iron_ingot":41,"minecraft:iron_pickaxe":7,"minecraft:wooden_axe":2,"minecraft:stone_sword":3,"minecraft:iron_shovel":2,"minecraft:torch":84},"minecraft:picked_up":{"minecraft:wooden_axe":3,"minecraft:birch_log":55,"minecraft:iron_chestplate":5,"minecraft:cooked_beef":2,"minecraft:clay_ball":16,"minecraft:andesite":187,"minecraft:wooden_pickaxe":7,"minecraft:birch_planks":15,"minecraft:string":2,"minecraft:dirt":200,"minecraft:moss_carpet":10,"minecraft:raw_copper":50,"minecraft:wooden_sword":3,"minecraft:iron_leggings":1,"minecraft:cooked_mutton":1,"minecraft:iron_shovel":2,"minecraft:bow":2,"minecraft:wheat_seeds":6,"minecraft:cobbled_deepslate":8,"minecraft:azalea":8,"minecraft:poppy":1,"minecraft:iron_pickaxe":8,"minecraft:moss_block":88,"minecraft:flowering_azalea":2,"minecraft:iron_boots":7,"minecraft:egg":1,"minecraft:stone":28,"minecraft:stick":14,"minecraft:raw_iron":36,"minecraft:end_stone":3,"minecraft:pumpkin":14,"minecraft:torch":83,"minecraft:gravel":2,"minecraft:porkchop":1,"minecraft:diorite":116,"minecraft:redstone":72,"minecraft:spectral_arrow":48,"minecraft:rotten_flesh":2,"minecraft:arrow":9,"minecraft:stone_axe":1,"minecraft:iron_helmet":2,"minecraft:granite":537,"minecraft:bookshelf":12,"minecraft:bread":10,"minecraft:warped_roots":3,"minecraft:netherrack":7,"minecraft:cobblestone":609,"minecraft:ender_pearl":6},"minecraft:killed":{"minecraft:pig":1,"minecraft:spider":1,"minecraft:zombie":2,"minecraft:bee":1,"minecraft:enderman":5}},"DataVersion":3953}