{"stats":{"minecraft:broken":{"minecraft:wooden_sword":1,"minecraft:iron_pickaxe":1},"minecraft:mined":{"minecraft:birch_log":11,"minecraft:iron_ore":2,"minecraft:end_stone":3,"minecraft:dirt":2,"minecraft:stone":27,"minecraft:diorite":17},"minecraft:killed_by":{"minecraft:zombie":1,"minecraft:enderman":4},"minecraft:used":{"minecraft:cooked_mutton":3,"minecraft:wooden_axe":6,"minecraft:diorite":3,"minecraft:stone_sword":14,"minecraft:birch_planks":2,"minecraft:bread":1,"minecraft:iron_pickaxe":33,"minecraft:ender_pearl":2,"minecraft:wooden_pickaxe":18,"minecraft:torch":11,"minecraft:wooden_sword":59,"minecraft:cobblestone":179,"minecraft:bow":6,"minecraft:andesite":25,"minecraft:cooked_beef":2},"minecraft:custom":{"minecraft:time_since_rest":10465,"minecraft:interact_with_furnace":7,"minecraft:sprint_one_cm":120635,"minecraft:damage_taken":1792,"minecraft:walk_one_cm":145545,"minecraft:mob_kills":6,"minecraft:drop":3,"minecraft:damage_dealt":3148,"minecraft:interact_with_crafting_table":18,"minecraft:fly_one_cm":180240,"minecraft:open_chest":33,"minecraft:crouch_one_cm":10200,"minecraft:play_time":42185,"minecraft:deaths":5,"minecraft:sneak_time":1987,"minecraft:walk_under_water_one_cm":871,"minecraft:jump":1136,"minecraft:walk_on_water_one_cm":662,"minecraft:time_since_death":10439,"minecraft:total_world_time":42185,"minecraft:fall_one_cm":20174},"minecraft:dropped":{"minecraft:iron_chestplate":1,"minecraft:iron_pickaxe":1,"minecraft:birch_log":42},"minecraft:crafted":{"minecraft:wooden_sword":1,"minecraft:stick":32,"minecraft:wooden_pickaxe":2,"minecraft:iron_ingot":12,"minecraft:iron_pickaxe":4,"minecraft:wooden_axe":2,"minecraft:stone_sword":3,"minecraft:torch":44,"minecraft:birch_planks":44,"minecraft:air":0},"minecraft:picked_up":{"minecraft:wooden_axe":3,"minecraft:birch_log":53,"minecraft:iron_chestplate":5,"minecraft:stick":14,"minecraft:raw_iron":2,"minecraft:cooked_beef":2,"minecraft:andesite":25,"minecraft:torch":70,"minecraft:wooden_pickaxe":7,"minecraft:birch_planks":15,"minecraft:diorite":17,"minecraft:spectral_arrow":48,"minecraft:dirt":18,"minecraft:wooden_sword":3,"minecraft:iron_leggings":1,"minecraft:cooked_mutton":1,"minecraft:arrow":9,"minecraft:stone_axe":1,"minecraft:bow":2,"minecraft:iron_helmet":2,"minecraft:bookshelf":12,"minecraft:warped_roots":3,"minecraft:bread":10,"minecraft:iron_pickaxe":8,"minecraft:netherrack":4,"minecraft:end_stone":3,"minecraft:iron_boots":6,"minecraft:cobblestone":289,"minecraft:ender_pearl":6},"minecraft:killed":{"minecraft:zombie":1,"minecraft:enderman":5}},"DataVersion":3953}