{"stats":{"minecraft:broken":{"minecraft:iron_shovel":10,"minecraft:wooden_sword":1,"minecraft:iron_pickaxe":5},"minecraft:mined":{"minecraft:dark_oak_planks":2,"minecraft:white_bed":6,"minecraft:end_stone":3,"minecraft:glow_lichen":1,"minecraft:granite":343,"minecraft:grass_block":1306,"minecraft:moss_block":44,"minecraft:tall_seagrass":20,"minecraft:redstone_ore":8,"minecraft:iron_ore":37,"minecraft:andesite":81,"minecraft:moss_carpet":1,"minecraft:pumpkin":7,"minecraft:dirt_path":2,"minecraft:azalea":3,"minecraft:stone":534,"minecraft:birch_stairs":4,"minecraft:flowering_azalea":1,"minecraft:glass_pane":5,"minecraft:clay":2,"minecraft:torch":8,"minecraft:short_grass":17,"minecraft:chest":3,"minecraft:tall_grass":2,"minecraft:copper_ore":16,"minecraft:cobblestone":1,"minecraft:diorite":68,"minecraft:wall_torch":13,"minecraft:seagrass":16,"minecraft:birch_planks":7,"minecraft:birch_log":25,"minecraft:wheat":3,"minecraft:birch_trapdoor":1,"minecraft:birch_leaves":22,"minecraft:bee_nest":1,"minecraft:gravel":24,"minecraft:sand":152,"minecraft:dirt":1347,"minecraft:netherrack":2,"minecraft:deepslate":4},"minecraft:killed_by":{"minecraft:player":1,"minecraft:creeper":1,"minecraft:enderman":5,"minecraft:zombie":1},"minecraft:custom":{"minecraft:interact_with_anvil":1,"minecraft:mob_kills":15,"minecraft:interact_with_crafting_table":53,"minecraft:open_shulker_box":2,"minecraft:leave_game":2,"minecraft:time_since_death":137697,"minecraft:sprint_one_cm":441487,"minecraft:walk_one_cm":704530,"minecraft:drop":18,"minecraft:play_time":237554,"minecraft:deaths":8,"minecraft:sneak_time":3167,"minecraft:walk_under_water_one_cm":15722,"minecraft:jump":3763,"minecraft:walk_on_water_one_cm":34315,"minecraft:total_world_time":237554,"minecraft:interact_with_furnace":96,"minecraft:sleep_in_bed":5,"minecraft:time_since_rest":33592,"minecraft:damage_taken":4191,"minecraft:damage_dealt":4955,"minecraft:swim_one_cm":1583,"minecraft:player_kills":1,"minecraft:fly_one_cm":548564,"minecraft:open_chest":168,"minecraft:crouch_one_cm":14567,"minecraft:fall_one_cm":72077},"minecraft:used":{"minecraft:stone_sword":14,"minecraft:iron_shovel":2715,"minecraft:chest":12,"minecraft:stone":122,"minecraft:cooked_chicken":5,"minecraft:rotten_flesh":8,"minecraft:netherrack":157,"minecraft:torch":86,"minecraft:dirt":96,"minecraft:salmon_bucket":2,"minecraft:granite":200,"minecraft:birch_door":3,"minecraft:dark_oak_planks":3,"minecraft:wooden_axe":6,"minecraft:birch_trapdoor":7,"minecraft:bow":8,"minecraft:egg":4,"minecraft:cooked_beef":8,"minecraft:cooked_mutton":14,"minecraft:dark_oak_stairs":2,"minecraft:water_bucket":19,"minecraft:diorite":4,"minecraft:birch_planks":75,"minecraft:ender_pearl":3,"minecraft:wooden_pickaxe":18,"minecraft:crafting_table":1,"minecraft:white_bed":6,"minecraft:end_stone":3,"minecraft:birch_fence":12,"minecraft:wooden_hoe":6,"minecraft:bread":3,"minecraft:iron_pickaxe":1145,"minecraft:wooden_sword":59,"minecraft:cobblestone":245,"minecraft:cooked_porkchop":2,"minecraft:porkchop":1,"minecraft:birch_log":2,"minecraft:bucket":21,"minecraft:andesite":25,"minecraft:glass_pane":96,"minecraft:birch_stairs":10},"minecraft:dropped":{"minecraft:iron_sword":1,"minecraft:dark_oak_stairs":32,"minecraft:birch_planks":21,"minecraft:coal":12,"minecraft:dirt":56,"minecraft:dark_oak_log":192,"minecraft:iron_axe":1,"minecraft:sand":32,"minecraft:iron_pickaxe":2,"minecraft:birch_log":42,"minecraft:cooked_chicken":2,"minecraft:chicken":1,"minecraft:filled_map":1,"minecraft:iron_chestplate":1},"minecraft:crafted":{"minecraft:wooden_sword":1,"minecraft:stone":127,"minecraft:nether_brick":11,"minecraft:cooked_mutton":11,"minecraft:glass_pane":128,"minecraft:glass":51,"minecraft:chest":9,"minecraft:birch_door":6,"minecraft:cooked_beef":6,"minecraft:crafting_table":1,"minecraft:wooden_pickaxe":2,"minecraft:copper_ingot":50,"minecraft:bucket":8,"minecraft:birch_planks":300,"minecraft:air":0,"minecraft:birch_fence":12,"minecraft:stick":48,"minecraft:iron_ingot":41,"minecraft:iron_pickaxe":9,"minecraft:birch_trapdoor":6,"minecraft:wooden_axe":2,"minecraft:stone_sword":3,"minecraft:iron_shovel":17,"minecraft:birch_stairs":8,"minecraft:torch":104},"minecraft:picked_up":{"minecraft:wooden_axe":3,"minecraft:iron_chestplate":5,"minecraft:wheat":2,"minecraft:chicken":1,"minecraft:clay_ball":16,"minecraft:wooden_pickaxe":7,"minecraft:iron_axe":1,"minecraft:string":2,"minecraft:moss_carpet":10,"minecraft:raw_copper":50,"minecraft:wooden_sword":3,"minecraft:iron_leggings":1,"minecraft:iron_shovel":2,"minecraft:cobbled_deepslate":8,"minecraft:azalea":8,"minecraft:poppy":1,"minecraft:iron_pickaxe":9,"minecraft:chest":3,"minecraft:birch_sapling":3,"minecraft:iron_boots":7,"minecraft:egg":1,"minecraft:end_stone":3,"minecraft:stick":19,"minecraft:raw_iron":37,"minecraft:stone":28,"minecraft:birch_trapdoor":1,"minecraft:torch":100,"minecraft:porkchop":1,"minecraft:diorite":116,"minecraft:redstone":72,"minecraft:dark_oak_planks":4,"minecraft:arrow":9,"minecraft:rotten_flesh":8,"minecraft:bookshelf":12,"minecraft:cobblestone":949,"minecraft:birch_log":133,"minecraft:cooked_beef":2,"minecraft:andesite":187,"minecraft:filled_map":2,"minecraft:birch_planks":43,"minecraft:gunpowder":2,"minecraft:dirt":2774,"minecraft:cooked_mutton":1,"minecraft:bone":1,"minecraft:bow":2,"minecraft:wheat_seeds":22,"minecraft:cooked_chicken":7,"minecraft:moss_block":88,"minecraft:iron_sword":1,"minecraft:flowering_azalea":2,"minecraft:dark_oak_stairs":34,"minecraft:cooked_porkchop":7,"minecraft:pumpkin":14,"minecraft:gravel":25,"minecraft:sand":184,"minecraft:birch_stairs":4,"minecraft:white_bed":6,"minecraft:dark_oak_log":256,"minecraft:spectral_arrow":48,"minecraft:stone_axe":1,"minecraft:iron_helmet":2,"minecraft:granite":548,"minecraft:warped_roots":3,"minecraft:bread":10,"minecraft:netherrack":8,"minecraft:coal":12,"minecraft:ender_pearl":6},"minecraft:killed":{"minecraft:spider":2,"minecraft:bee":1,"minecraft:pig":1,"minecraft:creeper":1,"minecraft:zombie":5,"minecraft:enderman":5}},"DataVersion":3953}