{"stats":{"minecraft:broken":{"minecraft:wooden_sword":1,"minecraft:iron_pickaxe":4},"minecraft:mined":{"minecraft:flowering_azalea":1,"minecraft:white_bed":6,"minecraft:glass_pane":5,"minecraft:end_stone":3,"minecraft:clay":2,"minecraft:glow_lichen":1,"minecraft:torch":7,"minecraft:granite":341,"minecraft:short_grass":12,"minecraft:grass_block":108,"minecraft:copper_ore":16,"minecraft:tall_grass":2,"minecraft:cobblestone":1,"minecraft:moss_block":44,"minecraft:wall_torch":4,"minecraft:diorite":68,"minecraft:seagrass":16,"minecraft:tall_seagrass":20,"minecraft:birch_planks":3,"minecraft:redstone_ore":8,"minecraft:birch_log":12,"minecraft:iron_ore":36,"minecraft:wheat":1,"minecraft:birch_trapdoor":1,"minecraft:birch_leaves":11,"minecraft:andesite":81,"minecraft:pumpkin":7,"minecraft:moss_carpet":1,"minecraft:bee_nest":1,"minecraft:dirt_path":2,"minecraft:gravel":2,"minecraft:sand":51,"minecraft:dirt":105,"minecraft:azalea":3,"minecraft:stone":196,"minecraft:netherrack":2,"minecraft:deepslate":4},"minecraft:killed_by":{"minecraft:player":1,"minecraft:creeper":1,"minecraft:zombie":1,"minecraft:enderman":5},"minecraft:custom":{"minecraft:interact_with_furnace":75,"minecraft:mob_kills":13,"minecraft:interact_with_crafting_table":38,"minecraft:leave_game":1,"minecraft:time_since_death":37927,"minecraft:sleep_in_bed":2,"minecraft:time_since_rest":18272,"minecraft:sprint_one_cm":345733,"minecraft:damage_taken":4031,"minecraft:walk_one_cm":409626,"minecraft:drop":3,"minecraft:damage_dealt":4654,"minecraft:swim_one_cm":1583,"minecraft:fly_one_cm":451820,"minecraft:open_chest":118,"minecraft:crouch_one_cm":14368,"minecraft:play_time":137784,"minecraft:deaths":8,"minecraft:sneak_time":2977,"minecraft:walk_under_water_one_cm":15722,"minecraft:jump":2977,"minecraft:walk_on_water_one_cm":23286,"minecraft:total_world_time":137784,"minecraft:fall_one_cm":61934},"minecraft:used":{"minecraft:cooked_mutton":14,"minecraft:water_bucket":19,"minecraft:diorite":4,"minecraft:stone_sword":14,"minecraft:iron_shovel":148,"minecraft:birch_planks":55,"minecraft:ender_pearl":3,"minecraft:wooden_pickaxe":18,"minecraft:stone":110,"minecraft:rotten_flesh":5,"minecraft:netherrack":157,"minecraft:torch":60,"minecraft:dirt":12,"minecraft:crafting_table":1,"minecraft:white_bed":6,"minecraft:salmon_bucket":2,"minecraft:granite":194,"minecraft:end_stone":3,"minecraft:birch_fence":12,"minecraft:wooden_hoe":6,"minecraft:wooden_axe":6,"minecraft:iron_pickaxe":789,"minecraft:bread":3,"minecraft:wooden_sword":59,"minecraft:birch_trapdoor":7,"minecraft:cobblestone":242,"minecraft:bow":6,"minecraft:glass_pane":23,"minecraft:porkchop":1,"minecraft:andesite":25,"minecraft:bucket":21,"minecraft:birch_log":2,"minecraft:egg":4,"minecraft:cooked_beef":8},"minecraft:dropped":{"minecraft:iron_chestplate":1,"minecraft:iron_pickaxe":1,"minecraft:birch_log":42},"minecraft:crafted":{"minecraft:cooked_beef":6,"minecraft:wooden_sword":1,"minecraft:crafting_table":1,"minecraft:wooden_pickaxe":2,"minecraft:copper_ingot":50,"minecraft:stone":110,"minecraft:bucket":8,"minecraft:birch_planks":300,"minecraft:nether_brick":11,"minecraft:cooked_mutton":11,"minecraft:air":0,"minecraft:glass_pane":32,"minecraft:glass":18,"minecraft:birch_fence":12,"minecraft:stick":40,"minecraft:iron_ingot":41,"minecraft:iron_pickaxe":8,"minecraft:wooden_axe":2,"minecraft:birch_trapdoor":6,"minecraft:stone_sword":3,"minecraft:iron_shovel":2,"minecraft:torch":84},"minecraft:picked_up":{"minecraft:wooden_axe":3,"minecraft:birch_log":120,"minecraft:iron_chestplate":5,"minecraft:wheat":1,"minecraft:cooked_beef":2,"minecraft:clay_ball":16,"minecraft:andesite":187,"minecraft:wooden_pickaxe":7,"minecraft:birch_planks":18,"minecraft:string":2,"minecraft:dirt":319,"minecraft:moss_carpet":10,"minecraft:raw_copper":50,"minecraft:wooden_sword":3,"minecraft:iron_leggings":1,"minecraft:cooked_mutton":1,"minecraft:iron_shovel":2,"minecraft:bow":2,"minecraft:wheat_seeds":10,"minecraft:cobbled_deepslate":8,"minecraft:azalea":8,"minecraft:poppy":1,"minecraft:iron_pickaxe":8,"minecraft:moss_block":88,"minecraft:dark_oak_stairs":2,"minecraft:flowering_azalea":2,"minecraft:iron_boots":7,"minecraft:egg":1,"minecraft:stick":15,"minecraft:raw_iron":36,"minecraft:end_stone":3,"minecraft:stone":28,"minecraft:pumpkin":14,"minecraft:birch_trapdoor":1,"minecraft:torch":85,"minecraft:gravel":3,"minecraft:porkchop":1,"minecraft:sand":51,"minecraft:white_bed":6,"minecraft:diorite":116,"minecraft:redstone":72,"minecraft:spectral_arrow":48,"minecraft:dark_oak_log":64,"minecraft:arrow":9,"minecraft:rotten_flesh":8,"minecraft:stone_axe":1,"minecraft:iron_helmet":2,"minecraft:granite":539,"minecraft:bookshelf":12,"minecraft:bread":10,"minecraft:warped_roots":3,"minecraft:netherrack":8,"minecraft:cobblestone":611,"minecraft:ender_pearl":6},"minecraft:killed":{"minecraft:pig":1,"minecraft:spider":1,"minecraft:zombie":5,"minecraft:bee":1,"minecraft:enderman":5}},"DataVersion":3953}