{"stats":{"minecraft:broken":{"minecraft:wooden_sword":1,"minecraft:iron_pickaxe":4},"minecraft:mined":{"minecraft:flowering_azalea":1,"minecraft:end_stone":3,"minecraft:clay":2,"minecraft:glow_lichen":1,"minecraft:torch":2,"minecraft:granite":341,"minecraft:short_grass":12,"minecraft:grass_block":4,"minecraft:tall_grass":2,"minecraft:copper_ore":16,"minecraft:cobblestone":1,"minecraft:moss_block":44,"minecraft:diorite":68,"minecraft:wall_torch":4,"minecraft:redstone_ore":8,"minecraft:birch_log":11,"minecraft:iron_ore":36,"minecraft:andesite":81,"minecraft:moss_carpet":1,"minecraft:pumpkin":7,"minecraft:bee_nest":1,"minecraft:dirt_path":1,"minecraft:gravel":1,"minecraft:dirt":5,"minecraft:azalea":3,"minecraft:stone":194,"minecraft:netherrack":1,"minecraft:deepslate":4},"minecraft:killed_by":{"minecraft:player":1,"minecraft:zombie":1,"minecraft:enderman":5},"minecraft:custom":{"minecraft:interact_with_furnace":24,"minecraft:mob_kills":8,"minecraft:interact_with_crafting_table":23,"minecraft:time_since_death":45688,"minecraft:time_since_rest":45721,"minecraft:sprint_one_cm":258898,"minecraft:damage_taken":3088,"minecraft:walk_one_cm":255658,"minecraft:drop":3,"minecraft:damage_dealt":3808,"minecraft:fly_one_cm":329212,"minecraft:open_chest":68,"minecraft:crouch_one_cm":10710,"minecraft:play_time":90185,"minecraft:deaths":7,"minecraft:sneak_time":2154,"minecraft:walk_under_water_one_cm":7219,"minecraft:jump":2164,"minecraft:walk_on_water_one_cm":12698,"minecraft:total_world_time":90185,"minecraft:fall_one_cm":42972},"minecraft:used":{"minecraft:cooked_mutton":9,"minecraft:diorite":4,"minecraft:stone_sword":14,"minecraft:birch_planks":2,"minecraft:ender_pearl":3,"minecraft:wooden_pickaxe":18,"minecraft:rotten_flesh":1,"minecraft:torch":56,"minecraft:dirt":7,"minecraft:end_stone":3,"minecraft:wooden_axe":6,"minecraft:wooden_hoe":6,"minecraft:bread":3,"minecraft:iron_pickaxe":777,"minecraft:wooden_sword":59,"minecraft:cobblestone":242,"minecraft:bow":6,"minecraft:porkchop":1,"minecraft:birch_log":2,"minecraft:andesite":25,"minecraft:egg":4,"minecraft:cooked_beef":8},"minecraft:dropped":{"minecraft:iron_chestplate":1,"minecraft:iron_pickaxe":1,"minecraft:birch_log":42},"minecraft:crafted":{"minecraft:cooked_beef":6,"minecraft:wooden_sword":1,"minecraft:wooden_pickaxe":2,"minecraft:birch_planks":44,"minecraft:cooked_mutton":6,"minecraft:air":0,"minecraft:stick":32,"minecraft:iron_ingot":12,"minecraft:iron_pickaxe":7,"minecraft:wooden_axe":2,"minecraft:stone_sword":3,"minecraft:torch":84},"minecraft:picked_up":{"minecraft:wooden_axe":3,"minecraft:birch_log":55,"minecraft:iron_chestplate":5,"minecraft:cooked_beef":2,"minecraft:clay_ball":8,"minecraft:andesite":106,"minecraft:wooden_pickaxe":7,"minecraft:birch_planks":15,"minecraft:dirt":26,"minecraft:moss_carpet":5,"minecraft:raw_copper":50,"minecraft:wooden_sword":3,"minecraft:iron_leggings":1,"minecraft:cooked_mutton":1,"minecraft:bow":2,"minecraft:wheat_seeds":1,"minecraft:cobbled_deepslate":4,"minecraft:azalea":4,"minecraft:iron_pickaxe":8,"minecraft:moss_block":44,"minecraft:flowering_azalea":1,"minecraft:iron_boots":6,"minecraft:egg":1,"minecraft:stick":14,"minecraft:raw_iron":36,"minecraft:end_stone":3,"minecraft:pumpkin":7,"minecraft:torch":77,"minecraft:gravel":1,"minecraft:porkchop":1,"minecraft:diorite":67,"minecraft:redstone":36,"minecraft:spectral_arrow":48,"minecraft:arrow":9,"minecraft:stone_axe":1,"minecraft:iron_helmet":2,"minecraft:granite":335,"minecraft:bookshelf":12,"minecraft:bread":10,"minecraft:warped_roots":3,"minecraft:netherrack":5,"minecraft:cobblestone":453,"minecraft:ender_pearl":6},"minecraft:killed":{"minecraft:pig":1,"minecraft:zombie":1,"minecraft:bee":1,"minecraft:enderman":5}},"DataVersion":3953}